raceId,constructorId,points,position,wins
860,206,0.0,10,0
860,207,0.0,11,0
860,1,40.0,1,1
860,3,0.0,9,0
860,131,0.0,8,0
860,10,1.0,7,0
860,5,2.0,6,0
860,208,6.0,5,0
860,15,12.0,3,0
860,6,10.0,4,0
860,9,30.0,2,0
861,1,55.0,1,1
861,9,42.0,2,0
861,6,35.0,3,1
861,15,30.0,4,0
861,208,16.0,5,0
861,5,6.0,8,0
861,10,9.0,6,0
861,131,1.0,9,0
861,3,8.0,7,0
861,206,0.0,10,0
861,207,0.0,11,0
861,164,0.0,12,0
862,1,88.0,1,1
862,9,64.0,2,0
862,6,37.0,3,1
862,15,31.0,4,0
862,208,24.0,6,0
862,5,6.0,9,0
862,10,9.0,8,0
862,131,26.0,5,1
862,3,18.0,7,0
862,206,0.0,10,0
862,207,0.0,11,0
862,164,0.0,12,0
864,164,0.0,12,0
864,207,0.0,11,0
864,3,43.0,6,1
864,131,43.0,5,1
864,10,18.0,8,0
864,208,84.0,3,0
864,206,0.0,10,0
864,5,6.0,9,0
864,15,41.0,7,0
864,6,63.0,4,1
864,9,109.0,1,1
864,1,98.0,2,1
863,1,92.0,2,1
863,9,101.0,1,1
863,6,45.0,4,1
863,15,31.0,6,0
863,208,57.0,3,0
863,5,6.0,9,0
863,10,17.0,8,0
863,131,37.0,5,1
863,3,18.0,7,0
863,206,0.0,10,0
863,207,0.0,11,0
863,164,0.0,12,0
865,1,108.0,2,1
865,9,146.0,1,2
865,6,86.0,3,1
865,15,41.0,7,0
865,208,86.0,4,0
865,5,6.0,9,0
865,10,28.0,8,0
865,131,61.0,5,1
865,3,44.0,6,1
865,206,0.0,11,0
865,207,0.0,10,0
865,164,0.0,12,0
866,1,133.0,2,2
866,9,164.0,1,2
866,6,97.0,4,1
866,15,58.0,6,0
866,208,108.0,3,0
866,5,6.0,9,0
866,10,28.0,8,0
866,131,69.0,5,1
866,3,44.0,7,1
866,206,0.0,11,0
866,207,0.0,10,0
866,164,0.0,12,0
867,1,137.0,2,2
867,9,176.0,1,2
867,6,122.0,4,2
867,15,60.0,6,0
867,208,126.0,3,0
867,5,6.0,9,0
867,10,44.0,8,0
867,131,92.0,5,1
867,3,45.0,7,1
867,206,0.0,11,0
867,207,0.0,10,0
867,164,0.0,12,0
868,1,142.0,4,2
868,9,216.0,1,3
868,6,152.0,2,2
868,15,60.0,6,0
868,208,144.0,3,0
868,5,6.0,9,0
868,10,44.0,8,0
868,131,98.0,5,1
868,3,47.0,7,1
868,206,0.0,11,0
868,207,0.0,10,0
868,164,0.0,12,0
869,207,0.0,10,0
869,164,0.0,12,0
869,131,105.0,5,1
869,206,0.0,11,0
869,3,47.0,7,1
869,10,46.0,8,0
869,5,6.0,9,0
869,208,159.0,4,0
869,15,80.0,6,0
869,6,177.0,2,3
869,9,230.0,1,3
869,1,160.0,3,2
870,164,0.0,12,0
870,206,0.0,11,0
870,10,46.0,8,0
871,9,272.0,1,3
870,207,0.0,10,0
870,131,106.0,5,1
871,1,218.0,2,4
870,1,193.0,2,3
870,9,246.0,1,3
870,208,192.0,3,0
870,15,80.0,6,0
870,6,189.0,4,3
870,3,53.0,7,1
870,5,6.0,9,0
871,6,199.0,4,3
871,15,80.0,6,0
871,208,207.0,3,0
871,5,12.0,9,0
871,10,59.0,7,0
871,131,112.0,5,1
871,3,53.0,8,1
871,206,0.0,11,0
871,207,0.0,10,0
871,164,0.0,12,0
872,1,243.0,2,5
872,9,272.0,1,3
872,6,226.0,3,3
872,15,100.0,6,0
872,208,217.0,4,0
872,5,12.0,9,0
872,10,63.0,7,0
872,131,126.0,5,1
872,3,54.0,8,1
872,206,0.0,11,0
872,207,0.0,10,0
872,164,0.0,12,0
873,164,0.0,12,0
873,207,0.0,11,0
873,3,54.0,8,1
873,10,75.0,7,0
873,208,231.0,4,0
873,206,0.0,10,0
873,5,14.0,9,0
873,131,136.0,5,1
873,15,101.0,6,0
873,6,245.0,3,3
873,9,297.0,1,4
873,1,261.0,2,5
874,164,0.0,12,0
874,207,0.0,11,0
874,3,58.0,8,1
874,10,81.0,7,0
874,208,239.0,4,0
874,206,0.0,10,0
874,5,15.0,9,0
874,131,136.0,5,1
874,15,116.0,6,0
874,6,263.0,3,3
874,9,324.0,1,5
874,1,283.0,2,5
875,1,284.0,3,5
875,9,367.0,1,6
875,6,290.0,2,3
875,15,116.0,6,0
875,208,255.0,4,0
875,5,21.0,9,0
875,10,89.0,7,0
875,131,136.0,5,1
875,3,58.0,8,1
875,206,0.0,10,0
875,207,0.0,11,0
875,164,0.0,12,0
876,164,0.0,12,0
876,207,0.0,11,0
876,3,59.0,8,1
876,10,93.0,7,0
876,208,263.0,4,0
876,206,0.0,10,0
876,5,21.0,9,0
876,131,136.0,5,1
876,15,116.0,6,0
876,6,316.0,2,3
876,9,407.0,1,7
876,1,306.0,3,5
877,1,318.0,3,5
877,9,422.0,1,7
877,6,340.0,2,3
877,15,124.0,6,0
877,208,288.0,4,1
877,5,22.0,9,0
877,10,95.0,7,0
877,131,136.0,5,1
877,3,73.0,8,1
877,206,0.0,10,0
877,207,0.0,11,0
877,164,0.0,12,0
878,1,353.0,3,6
878,9,440.0,1,7
878,6,367.0,2,3
878,15,124.0,6,0
878,208,302.0,4,1
878,5,22.0,9,0
878,10,99.0,7,0
878,131,136.0,5,1
878,3,76.0,8,1
878,206,0.0,10,0
878,207,0.0,11,0
878,164,0.0,12,0
879,1,378.0,3,7
879,9,460.0,1,7
879,6,400.0,2,3
879,15,126.0,6,0
879,208,303.0,4,1
879,5,26.0,9,0
879,10,109.0,7,0
879,131,142.0,5,1
879,3,76.0,8,1
879,206,0.0,11,0
879,207,0.0,10,0
879,164,0.0,12,0
880,208,26.0,2,1
880,6,30.0,1,0
880,9,23.0,3,0
880,131,10.0,4,0
880,10,10.0,5,0
880,1,2.0,6,0
880,5,0.0,7,0
880,15,0.0,8,0
880,3,0.0,9,0
880,206,0.0,10,0
880,207,0.0,11,0
881,208,40.0,2,1
881,6,40.0,3,0
881,9,66.0,1,1
881,131,37.0,4,0
881,10,10.0,5,0
881,1,4.0,7,0
881,5,1.0,8,0
881,15,4.0,6,0
881,3,0.0,9,0
881,206,0.0,10,0
881,207,0.0,11,0
882,208,60.0,3,1
882,6,73.0,2,1
882,9,78.0,1,1
882,131,52.0,4,0
882,10,14.0,6,0
882,1,14.0,5,0
882,5,7.0,7,0
882,15,5.0,8,0
882,3,0.0,9,0
882,206,0.0,10,0
882,207,0.0,11,0
883,208,93.0,2,1
883,6,77.0,3,1
883,9,109.0,1,2
883,131,64.0,4,0
883,10,26.0,5,0
883,1,23.0,6,0
883,5,7.0,7,0
883,15,5.0,8,0
883,3,0.0,9,0
883,206,0.0,10,0
883,207,0.0,11,0
884,208,111.0,3,1
884,6,117.0,2,2
884,9,131.0,1,2
884,131,72.0,4,0
884,10,32.0,5,0
884,1,29.0,6,0
884,5,8.0,7,0
884,15,5.0,8,0
884,3,0.0,9,0
884,206,0.0,10,0
884,207,0.0,11,0
885,208,112.0,3,1
885,6,123.0,2,2
885,9,164.0,1,2
885,131,109.0,4,1
885,10,44.0,5,0
885,1,37.0,6,0
885,5,12.0,7,0
885,15,5.0,8,0
885,3,0.0,9,0
885,206,0.0,10,0
885,207,0.0,11,0
886,208,114.0,4,1
886,6,145.0,2,2
886,9,201.0,1,3
886,131,134.0,3,1
886,10,51.0,5,0
886,1,37.0,6,0
886,5,20.0,7,0
886,15,5.0,8,0
886,3,0.0,9,0
886,206,0.0,10,0
886,207,0.0,11,0
887,208,124.0,4,1
887,6,168.0,3,2
887,9,219.0,1,3
887,131,171.0,2,2
887,10,59.0,5,0
887,1,37.0,6,0
887,5,24.0,7,0
887,15,6.0,8,0
887,3,0.0,9,0
887,206,0.0,10,0
887,207,0.0,11,0
888,208,157.0,4,1
888,6,180.0,3,2
888,9,250.0,1,4
888,131,183.0,2,2
888,10,59.0,5,0
888,1,49.0,6,0
888,5,24.0,7,0
888,15,7.0,8,0
888,3,0.0,9,0
888,206,0.0,10,0
888,207,0.0,11,0
890,208,183.0,4,1
890,6,194.0,3,2
890,9,277.0,1,4
890,131,208.0,2,3
890,10,59.0,5,0
890,1,57.0,6,0
890,5,24.0,7,0
890,15,7.0,8,0
890,3,1.0,9,0
890,206,0.0,10,0
890,207,0.0,11,0
891,208,187.0,4,1
891,6,218.0,3,2
891,9,312.0,1,5
891,131,235.0,2,3
891,10,61.0,6,0
891,1,65.0,5,0
891,5,25.0,7,0
891,15,7.0,8,0
891,3,1.0,9,0
891,206,0.0,10,0
891,207,0.0,11,0
893,207,0.0,11,0
893,206,0.0,10,0
893,15,19.0,8,0
893,5,31.0,7,0
893,3,1.0,9,0
893,1,76.0,5,0
893,10,62.0,6,0
893,131,267.0,3,3
893,9,377.0,1,7
893,6,274.0,2,2
893,208,206.0,4,1
892,208,191.0,4,1
892,6,248.0,2,2
892,9,352.0,1,6
892,131,245.0,3,3
892,10,61.0,6,0
892,1,66.0,5,0
892,5,31.0,7,0
892,15,17.0,8,0
892,3,1.0,9,0
892,206,0.0,10,0
892,207,0.0,11,0
894,208,239.0,4,1
894,6,284.0,2,2
894,9,402.0,1,8
894,131,283.0,3,3
894,10,62.0,6,0
894,1,81.0,5,0
894,5,31.0,8,0
894,15,31.0,7,0
894,3,1.0,9,0
894,206,0.0,10,0
894,207,0.0,11,0
895,208,264.0,4,1
895,6,297.0,2,2
895,9,445.0,1,9
895,131,287.0,3,3
895,10,62.0,6,0
895,1,83.0,5,0
895,5,31.0,8,0
895,15,45.0,7,0
895,3,1.0,9,0
895,206,0.0,10,0
895,207,0.0,11,0
896,208,285.0,4,1
896,6,309.0,3,2
896,9,470.0,1,10
896,131,313.0,2,3
896,10,68.0,6,0
896,1,93.0,5,0
896,5,32.0,8,0
896,15,45.0,7,0
896,3,1.0,9,0
896,206,0.0,10,0
896,207,0.0,11,0
897,208,297.0,4,1
897,6,323.0,3,2
897,9,513.0,1,11
897,131,334.0,2,3
897,10,77.0,6,0
897,1,95.0,5,0
897,5,32.0,8,0
897,15,45.0,7,0
897,3,1.0,9,0
897,206,0.0,10,0
897,207,0.0,11,0
898,208,315.0,4,1
898,6,333.0,3,2
898,9,553.0,1,12
898,131,348.0,2,3
898,10,77.0,6,0
898,1,102.0,5,0
898,5,32.0,8,0
898,15,53.0,7,0
898,3,5.0,9,0
898,206,0.0,10,0
898,207,0.0,11,0
899,208,315.0,4,1
899,6,354.0,3,2
899,9,596.0,1,13
899,131,360.0,2,3
899,10,77.0,6,0
899,1,122.0,5,0
899,5,33.0,8,0
899,15,57.0,7,0
899,3,5.0,9,0
899,206,0.0,10,0
899,207,0.0,11,0
901,1,43.0,2,0
901,131,68.0,1,2
900,9,0.0,11,0
900,207,0.0,10,0
900,206,0.0,8,0
900,208,0.0,9,0
900,15,0.0,7,0
900,5,6.0,6,0
900,10,9.0,5,0
900,3,10.0,4,0
900,6,18.0,3,0
900,1,33.0,1,0
900,131,25.0,2,1
901,6,30.0,3,0
901,3,20.0,4,0
901,10,19.0,5,0
901,5,7.0,7,0
901,15,0.0,8,0
901,206,0.0,11,0
901,208,0.0,9,0
901,207,0.0,10,0
901,9,15.0,6,0
902,131,111.0,1,3
902,1,43.0,3,0
902,6,33.0,5,0
902,3,30.0,6,0
902,10,44.0,2,0
902,5,7.0,7,0
902,15,0.0,9,0
902,206,0.0,10,0
902,208,0.0,8,0
902,207,0.0,11,0
902,9,35.0,4,0
903,131,154.0,1,4
903,1,43.0,5,0
903,6,52.0,4,0
903,3,36.0,6,0
903,10,54.0,3,0
903,5,8.0,7,0
903,15,0.0,9,0
903,206,0.0,10,0
903,208,0.0,8,0
903,207,0.0,11,0
903,9,57.0,2,0
904,131,197.0,1,5
904,1,43.0,6,0
904,6,66.0,3,0
904,3,46.0,5,0
904,10,57.0,4,0
904,5,8.0,7,0
904,15,0.0,9,0
904,206,0.0,10,0
904,208,4.0,8,0
904,207,0.0,11,0
904,9,84.0,2,0
905,131,240.0,1,6
905,1,52.0,5,0
905,6,78.0,3,0
905,3,52.0,6,0
905,10,67.0,4,0
905,5,8.0,8,0
905,15,0.0,10,0
905,206,2.0,9,0
905,208,8.0,7,0
905,207,0.0,11,0
905,9,99.0,2,0
906,131,258.0,1,6
906,1,66.0,5,0
906,6,87.0,3,0
906,3,58.0,6,0
906,10,77.0,4,0
906,5,12.0,7,0
906,15,0.0,10,0
906,206,2.0,9,0
906,208,8.0,8,0
906,207,0.0,11,0
906,9,139.0,2,1
907,131,301.0,1,7
907,1,72.0,6,0
907,6,98.0,3,0
907,3,85.0,5,0
907,10,87.0,4,0
907,5,12.0,7,0
907,15,0.0,10,0
907,206,2.0,9,0
907,208,8.0,8,0
907,207,0.0,11,0
907,9,143.0,2,1
908,131,326.0,1,8
908,1,90.0,6,0
908,6,106.0,3,0
908,3,103.0,4,0
908,10,91.0,5,0
908,5,15.0,7,0
908,15,0.0,10,0
908,206,2.0,9,0
908,208,8.0,8,0
908,207,0.0,11,0
908,9,168.0,2,1
909,131,366.0,1,9
909,1,96.0,6,0
909,6,116.0,4,0
909,3,121.0,3,0
909,10,98.0,5,0
909,5,15.0,7,0
909,15,0.0,10,0
909,206,2.0,9,0
909,208,8.0,8,0
909,207,0.0,11,0
909,9,188.0,2,1
910,131,393.0,1,9
910,1,97.0,6,0
910,6,142.0,3,0
910,3,135.0,4,0
910,10,98.0,5,0
910,5,17.0,7,0
910,15,0.0,10,0
910,206,2.0,9,0
910,208,8.0,8,0
910,207,0.0,11,0
910,9,219.0,2,2
911,131,411.0,1,9
911,1,105.0,5,0
911,6,160.0,3,0
911,3,150.0,4,0
911,10,103.0,6,0
911,5,19.0,7,0
911,15,0.0,10,0
911,206,2.0,9,0
911,208,8.0,8,0
911,207,0.0,11,0
911,9,254.0,2,3
912,131,454.0,1,10
912,1,110.0,5,0
912,6,162.0,4,0
912,3,177.0,3,0
912,10,109.0,6,0
912,5,19.0,7,0
912,15,0.0,10,0
912,206,2.0,9,0
912,208,8.0,8,0
912,207,0.0,11,0
912,9,272.0,2,3
913,131,479.0,1,11
913,1,111.0,6,0
913,6,178.0,4,0
913,3,187.0,3,0
913,10,117.0,5,0
913,5,27.0,7,0
913,15,0.0,10,0
913,206,2.0,9,0
913,208,8.0,8,0
913,207,0.0,11,0
913,9,305.0,2,3
914,131,522.0,1,12
914,1,121.0,6,0
914,6,178.0,4,0
914,3,201.0,3,0
914,10,122.0,5,0
914,5,29.0,7,0
914,15,0.0,10,0
914,206,2.0,9,0
914,208,8.0,8,0
914,207,0.0,11,0
914,9,332.0,2,3
915,131,565.0,1,13
915,1,143.0,5,0
915,6,188.0,4,0
915,3,216.0,3,0
915,10,123.0,6,0
915,5,29.0,7,0
915,15,0.0,10,0
915,206,2.0,9,0
915,208,8.0,8,0
915,207,0.0,11,0
915,9,342.0,2,3
916,131,608.0,1,14
916,1,147.0,5,0
916,6,196.0,4,0
916,3,238.0,3,0
916,10,123.0,6,0
916,5,30.0,7,0
916,15,0.0,10,0
916,206,2.0,9,0
916,208,10.0,8,0
916,207,0.0,11,0
916,9,363.0,2,3
917,131,651.0,1,15
917,1,161.0,5,0
917,6,210.0,4,0
917,3,254.0,3,0
917,10,127.0,6,0
917,5,30.0,7,0
917,15,0.0,10,0
917,206,2.0,9,0
917,208,10.0,8,0
917,207,0.0,11,0
917,9,373.0,2,3
918,131,701.0,1,16
918,1,181.0,5,0
918,6,216.0,4,0
918,3,320.0,3,0
918,10,155.0,6,0
918,5,30.0,7,0
918,15,0.0,10,0
918,206,2.0,9,0
918,208,10.0,8,0
918,207,0.0,11,0
918,9,405.0,2,3
969,6,37.0,1,1
926,131,43.0,1,1
926,6,15.0,2,0
926,3,12.0,4,0
926,15,14.0,3,0
926,9,8.0,5,0
926,10,7.0,6,0
926,5,2.0,7,0
926,1,0.0,8,0
926,208,0.0,9,0
927,131,76.0,1,1
927,6,52.0,2,1
927,3,30.0,3,0
927,15,14.0,4,0
927,9,11.0,6,0
927,10,7.0,7,0
927,5,12.0,5,0
927,1,0.0,9,0
927,208,0.0,8,0
927,209,0.0,10,0
928,131,119.0,1,2
928,6,79.0,2,1
928,3,48.0,3,0
928,15,19.0,4,0
928,9,13.0,5,0
928,10,7.0,7,0
928,5,12.0,6,0
928,1,0.0,9,0
928,208,6.0,8,0
928,209,0.0,10,0
929,131,159.0,1,3
929,6,107.0,2,1
929,3,61.0,3,0
929,15,19.0,5,0
929,9,23.0,4,0
929,10,11.0,8,0
929,5,12.0,7,0
929,1,0.0,9,0
929,208,12.0,6,0
929,209,0.0,10,0
930,131,202.0,1,4
930,6,132.0,2,1
930,3,81.0,3,0
930,15,19.0,5,0
930,9,30.0,4,0
930,10,11.0,8,0
930,5,14.0,7,0
930,1,0.0,9,0
930,208,16.0,6,0
930,209,0.0,10,0
931,131,242.0,1,5
931,6,158.0,2,1
931,3,81.0,3,0
931,15,21.0,5,0
931,9,52.0,4,0
931,10,17.0,6,0
931,5,15.0,8,0
931,1,4.0,9,0
931,208,16.0,7,0
931,209,0.0,10,0
932,131,285.0,1,6
932,6,180.0,2,1
932,3,104.0,3,0
932,15,21.0,6,0
932,9,54.0,4,0
932,10,21.0,7,0
932,5,15.0,8,0
932,1,4.0,9,0
932,208,23.0,5,0
932,209,0.0,10,0
933,131,328.0,1,7
933,6,192.0,2,1
933,3,129.0,3,0
933,15,21.0,7,0
933,9,55.0,4,0
933,10,31.0,5,0
933,5,19.0,8,0
933,1,4.0,9,0
933,208,29.0,6,0
933,209,0.0,10,0
934,131,371.0,1,8
934,6,211.0,2,1
934,3,151.0,3,0
934,15,21.0,7,0
934,9,63.0,4,0
934,10,39.0,5,0
934,5,19.0,8,0
934,1,5.0,9,0
934,208,29.0,6,0
934,209,0.0,10,0
936,131,383.0,1,8
936,6,236.0,2,2
936,3,151.0,3,0
936,15,22.0,8,0
936,9,96.0,4,0
936,10,39.0,5,0
936,5,31.0,7,0
936,1,17.0,9,0
936,208,35.0,6,0
936,209,0.0,10,0
938,131,451.0,1,10
937,209,0.0,10,0
937,1,17.0,9,0
937,5,35.0,7,0
937,15,23.0,8,0
937,208,50.0,5,0
937,3,161.0,3,0
937,10,49.0,6,0
937,9,108.0,4,0
937,6,242.0,2,2
937,131,426.0,1,9
938,6,270.0,2,2
938,3,188.0,3,0
938,15,25.0,8,0
938,9,113.0,4,0
938,10,63.0,5,0
938,5,35.0,7,0
938,1,17.0,9,0
938,208,50.0,6,0
938,209,0.0,10,0
939,131,463.0,1,10
939,6,310.0,2,3
939,3,198.0,3,0
939,15,26.0,8,0
939,9,139.0,4,0
939,10,69.0,5,0
939,5,41.0,7,0
939,1,17.0,9,0
939,208,50.0,6,0
939,209,0.0,10,0
940,1,17.0,9,0
940,9,139.0,4,0
940,3,208.0,3,0
940,209,0.0,10,0
940,208,60.0,6,0
940,5,44.0,7,0
940,10,77.0,5,0
940,6,337.0,2,3
940,15,26.0,8,0
940,131,506.0,1,11
941,209,0.0,10,0
941,208,66.0,6,0
941,1,19.0,9,0
941,5,45.0,7,0
941,10,92.0,5,0
941,9,149.0,4,0
941,15,34.0,8,0
941,3,220.0,3,0
941,6,359.0,2,3
942,209,0.0,10,0
941,131,531.0,1,12
942,208,70.0,6,0
942,10,102.0,5,0
942,15,36.0,8,0
942,1,27.0,9,0
942,5,63.0,7,0
942,3,220.0,3,0
942,9,150.0,4,0
942,6,374.0,2,3
942,131,574.0,1,13
943,208,71.0,6,0
943,10,112.0,5,0
943,15,36.0,8,0
943,209,0.0,10,0
943,1,27.0,9,0
943,5,65.0,7,0
943,3,243.0,3,0
943,9,172.0,4,0
943,6,374.0,2,3
943,131,617.0,1,14
944,208,76.0,6,0
944,10,120.0,5,0
944,15,36.0,8,0
944,209,0.0,10,0
944,1,27.0,9,0
944,5,67.0,7,0
944,3,253.0,3,0
944,9,178.0,4,0
944,6,401.0,2,3
944,131,660.0,1,15
945,208,78.0,6,0
945,10,136.0,5,0
945,15,36.0,8,0
945,209,0.0,10,0
945,1,27.0,9,0
945,5,67.0,7,0
945,3,257.0,3,0
945,9,187.0,4,0
945,6,428.0,2,3
945,131,703.0,1,16
955,131,258.0,1,7
948,15,0.0,10,0
948,209,0.0,11,0
948,131,43.0,1,1
948,1,0.0,9,0
948,4,0.0,8,0
948,5,3.0,7,0
948,10,6.0,6,0
948,210,8.0,5,0
948,3,14.0,3,0
948,9,12.0,4,0
948,6,15.0,2,0
949,131,83.0,1,2
949,6,33.0,2,0
949,9,30.0,3,0
949,3,20.0,4,0
949,210,18.0,5,0
949,10,6.0,7,0
949,5,11.0,6,0
949,4,0.0,9,0
949,1,1.0,8,0
949,15,0.0,10,0
949,209,0.0,11,0
950,131,114.0,1,3
950,6,61.0,2,0
950,9,57.0,3,0
950,3,29.0,4,0
950,210,18.0,5,0
950,10,6.0,7,0
950,5,17.0,6,0
950,4,0.0,9,0
950,1,1.0,8,0
950,15,0.0,10,0
950,209,0.0,11,0
951,131,157.0,1,4
951,6,76.0,2,0
951,9,57.0,3,0
951,3,51.0,4,0
951,210,22.0,5,0
951,10,8.0,8,0
951,5,17.0,6,0
951,4,6.0,9,0
951,1,10.0,7,0
951,15,0.0,10,0
951,209,0.0,11,0
952,131,157.0,1,4
952,6,109.0,2,0
952,9,94.0,3,1
952,3,65.0,4,0
952,210,22.0,6,0
952,10,14.0,7,0
952,5,26.0,5,0
952,4,6.0,9,0
952,1,12.0,8,0
952,15,0.0,10,0
952,209,0.0,11,0
953,131,188.0,1,5
953,6,121.0,2,0
953,9,112.0,3,1
953,3,66.0,4,0
953,210,22.0,8,0
953,10,37.0,5,0
953,5,30.0,6,0
953,4,6.0,9,0
953,1,24.0,7,0
953,15,0.0,10,0
953,209,0.0,11,0
954,131,223.0,1,6
954,6,147.0,2,0
954,9,130.0,3,1
954,3,81.0,4,0
954,210,22.0,8,0
954,10,42.0,5,0
954,5,32.0,6,0
954,4,6.0,9,0
954,1,24.0,7,0
954,15,0.0,10,0
954,209,0.0,11,0
955,6,177.0,2,0
955,9,140.0,3,1
955,3,90.0,4,0
955,210,22.0,8,0
955,10,59.0,5,0
955,5,32.0,6,0
955,4,6.0,9,0
955,1,24.0,7,0
955,15,0.0,10,0
955,209,0.0,11,0
956,131,295.0,1,8
956,6,192.0,2,0
956,9,168.0,3,1
956,3,92.0,4,0
956,210,28.0,8,0
956,10,59.0,5,0
956,5,36.0,6,0
956,4,6.0,9,0
956,1,32.0,7,0
956,15,0.0,11,0
956,209,1.0,10,0
957,131,335.0,1,9
957,6,204.0,2,0
957,9,198.0,3,1
957,3,92.0,4,0
957,210,28.0,8,0
957,10,73.0,5,0
957,5,41.0,6,0
957,4,6.0,9,0
957,1,32.0,7,0
957,15,0.0,11,0
957,209,1.0,10,0
958,131,378.0,1,10
958,6,224.0,2,0
958,9,223.0,3,1
958,3,94.0,4,0
958,210,28.0,8,0
958,10,74.0,5,0
958,5,45.0,6,0
958,4,6.0,9,0
958,1,38.0,7,0
958,15,0.0,11,0
958,209,1.0,10,0
959,131,415.0,1,11
959,6,242.0,3,0
959,9,256.0,2,1
959,3,96.0,4,0
959,210,28.0,8,0
959,10,81.0,5,0
959,5,45.0,6,0
959,4,6.0,9,0
959,1,42.0,7,0
959,15,0.0,11,0
959,209,1.0,10,0
960,131,455.0,1,12
960,6,252.0,3,0
960,9,274.0,2,1
960,3,101.0,5,0
960,210,28.0,8,0
960,10,103.0,4,0
960,5,45.0,7,0
960,4,6.0,9,0
960,1,48.0,6,0
960,15,0.0,11,0
960,209,1.0,10,0
961,131,498.0,1,13
961,6,279.0,3,0
961,9,290.0,2,1
961,3,111.0,4,0
961,210,28.0,8,0
961,10,108.0,5,0
961,5,45.0,7,0
961,4,6.0,9,0
961,1,48.0,6,0
961,15,0.0,11,0
961,209,1.0,10,0
962,131,538.0,1,14
962,6,301.0,3,0
962,9,316.0,2,1
962,3,111.0,5,0
962,210,28.0,8,0
962,10,112.0,4,0
962,5,47.0,7,0
962,4,7.0,9,0
962,1,54.0,6,0
962,15,0.0,11,0
962,209,1.0,10,0
963,131,553.0,1,14
963,6,313.0,3,0
963,9,359.0,2,2
963,3,121.0,5,0
963,210,28.0,8,0
963,10,124.0,4,0
963,5,47.0,7,0
963,4,8.0,9,0
963,1,62.0,6,0
963,15,0.0,11,0
963,209,1.0,10,0
964,131,593.0,1,15
964,6,335.0,3,0
964,9,385.0,2,2
964,3,124.0,5,0
964,210,28.0,8,0
964,10,134.0,4,0
964,5,47.0,7,0
964,4,8.0,9,0
964,1,62.0,6,0
964,15,0.0,11,0
964,209,1.0,10,0
967,6,375.0,3,0
965,1,74.0,6,0
967,131,722.0,1,18
965,15,0.0,11,0
965,6,347.0,3,0
965,4,8.0,9,0
965,5,55.0,7,0
965,10,138.0,4,0
965,3,130.0,5,0
965,210,29.0,8,0
965,9,400.0,2,2
965,131,636.0,1,16
966,1,74.0,6,0
966,209,1.0,10,0
966,15,0.0,11,0
966,6,365.0,3,0
966,4,8.0,9,0
966,5,55.0,7,0
966,10,145.0,4,0
966,3,136.0,5,0
966,210,29.0,8,0
966,9,427.0,2,2
966,131,679.0,1,17
965,209,1.0,10,0
967,9,446.0,2,2
967,3,136.0,5,0
967,210,29.0,8,0
967,10,163.0,4,0
967,5,63.0,7,0
967,4,8.0,9,0
967,1,75.0,6,0
967,15,2.0,10,0
967,209,1.0,11,0
968,131,765.0,1,19
968,6,398.0,3,0
968,9,468.0,2,2
968,3,138.0,5,0
968,210,29.0,8,0
968,10,173.0,4,0
968,5,63.0,7,0
968,4,8.0,9,0
968,1,76.0,6,0
968,15,2.0,10,0
968,209,1.0,11,0
969,131,33.0,2,0
969,9,10.0,3,0
969,3,8.0,4,0
969,10,7.0,5,0
969,5,6.0,6,0
969,4,0.0,7,0
969,15,0.0,8,0
969,1,0.0,9,0
969,210,0.0,10,0
970,6,65.0,2,1
970,131,66.0,1,1
970,9,37.0,3,0
970,3,8.0,6,0
970,10,10.0,5,0
970,5,12.0,4,0
970,4,0.0,8,0
970,15,0.0,9,0
970,1,0.0,10,0
970,210,4.0,7,0
971,6,102.0,1,2
971,131,99.0,2,1
971,9,47.0,3,0
971,3,16.0,5,0
971,10,17.0,4,0
971,5,12.0,6,0
971,4,2.0,8,0
971,15,0.0,9,0
971,1,0.0,10,0
971,210,8.0,7,0
972,6,135.0,2,2
972,131,136.0,1,2
972,9,57.0,3,0
972,3,18.0,5,0
972,10,31.0,4,0
972,5,13.0,6,0
972,4,6.0,8,0
972,15,0.0,9,0
972,1,0.0,10,0
972,210,8.0,7,0
973,6,153.0,2,2
973,131,161.0,1,3
973,9,72.0,3,0
973,3,18.0,6,0
973,10,53.0,4,0
973,5,21.0,5,0
973,4,14.0,7,0
973,15,4.0,9,0
973,1,0.0,10,0
973,210,9.0,8,0
974,6,196.0,1,3
974,131,179.0,2,3
974,9,97.0,3,0
974,3,20.0,6,0
974,10,53.0,4,0
974,5,29.0,5,0
974,4,14.0,7,0
974,15,4.0,9,0
974,1,0.0,10,0
974,210,14.0,8,0
975,6,214.0,2,3
975,131,222.0,1,4
975,9,112.0,3,0
975,3,22.0,6,0
975,10,71.0,4,0
975,5,29.0,5,0
975,4,18.0,7,0
975,15,4.0,9,0
975,1,0.0,10,0
975,210,15.0,8,0
976,6,226.0,2,3
976,131,250.0,1,4
976,9,137.0,3,1
976,3,37.0,5,0
976,10,79.0,4,0
976,5,33.0,6,0
976,4,18.0,8,0
976,15,5.0,9,0
976,1,2.0,10,0
976,210,21.0,7,0
977,6,254.0,2,3
977,131,287.0,1,5
977,9,152.0,3,1
977,3,40.0,5,0
977,10,89.0,4,0
977,5,33.0,6,0
977,4,18.0,8,0
977,15,5.0,9,0
977,1,2.0,10,0
977,210,29.0,7,0
978,6,275.0,2,3
978,131,330.0,1,6
978,9,174.0,3,1
978,3,41.0,5,0
978,10,95.0,4,0
978,5,33.0,6,0
978,4,26.0,8,0
978,15,5.0,9,0
978,1,2.0,10,0
978,210,29.0,7,0
979,6,318.0,2,4
979,131,357.0,1,6
979,9,184.0,3,1
979,3,41.0,5,0
979,10,101.0,4,0
979,5,39.0,6,0
979,4,26.0,8,0
979,15,5.0,10,0
979,1,11.0,9,0
979,210,29.0,7,0
980,6,348.0,2,4
980,131,392.0,1,7
980,9,199.0,3,1
980,3,45.0,5,0
980,10,103.0,4,0
980,5,40.0,6,0
980,4,34.0,8,0
980,15,5.0,10,0
980,1,11.0,9,0
980,210,35.0,7,0
981,6,373.0,2,4
981,131,435.0,1,8
981,9,212.0,3,1
981,3,55.0,5,0
981,10,113.0,4,0
981,5,40.0,6,0
981,4,34.0,8,0
981,15,5.0,10,0
981,1,11.0,9,0
981,210,35.0,7,0
982,6,373.0,2,4
982,131,475.0,1,9
982,9,230.0,3,1
982,3,59.0,5,0
982,10,124.0,4,0
982,5,52.0,6,0
982,4,42.0,7,0
982,15,5.0,10,0
982,1,17.0,9,0
982,210,37.0,8,0
983,6,385.0,2,4
983,131,503.0,1,9
983,9,270.0,3,2
983,3,65.0,5,0
983,10,133.0,4,0
983,5,52.0,6,0
983,4,42.0,7,0
983,15,5.0,10,0
983,1,23.0,9,0
983,210,37.0,8,0
984,6,395.0,2,4
984,131,540.0,1,10
984,9,303.0,3,2
984,3,66.0,5,0
984,10,147.0,4,0
984,5,52.0,6,0
984,4,42.0,8,0
984,15,5.0,10,0
984,1,23.0,9,0
984,210,43.0,7,0
985,6,428.0,2,4
985,131,575.0,1,11
985,9,315.0,3,2
985,3,68.0,5,0
985,10,159.0,4,0
985,5,53.0,6,0
985,4,48.0,7,0
985,15,5.0,10,0
985,1,23.0,9,0
985,210,43.0,8,0
986,6,455.0,2,4
986,131,595.0,1,11
986,9,340.0,3,3
986,3,76.0,5,0
986,10,175.0,4,0
986,5,53.0,6,0
986,4,48.0,7,0
986,15,5.0,10,0
986,1,24.0,9,0
986,210,47.0,8,0
987,6,495.0,2,5
987,131,625.0,1,11
987,9,358.0,3,3
987,3,82.0,5,0
987,10,177.0,4,0
987,5,53.0,6,0
987,4,49.0,7,0
987,15,5.0,10,0
987,1,28.0,9,0
987,210,47.0,8,0
988,6,522.0,2,5
988,131,668.0,1,12
988,9,368.0,3,3
988,3,83.0,5,0
988,10,187.0,4,0
988,5,53.0,7,0
988,4,57.0,6,0
988,15,5.0,10,0
988,1,30.0,9,0
988,210,47.0,8,0
989,6,40.0,1,1
989,131,22.0,2,0
989,9,20.0,3,0
989,1,12.0,4,0
989,4,7.0,5,0
989,10,0.0,6,0
989,15,0.0,7,0
989,3,0.0,8,0
989,5,0.0,9,0
989,210,0.0,10,0
990,210,10.0,7,0
990,15,2.0,8,0
990,5,12.0,6,0
990,3,0.0,10,0
990,9,20.0,4,0
990,1,22.0,3,0
990,4,15.0,5,0
990,10,1.0,9,0
990,131,55.0,2,0
990,6,65.0,1,2
991,6,84.0,2,2
991,131,85.0,1,0
991,9,55.0,3,1
991,1,28.0,4,0
991,4,25.0,5,0
991,10,1.0,9,0
991,15,2.0,8,0
991,3,0.0,10,0
991,5,12.0,6,0
991,210,11.0,7,0
992,6,114.0,1,2
992,131,110.0,2,1
992,9,55.0,3,1
992,1,36.0,4,0
992,4,35.0,5,0
992,10,16.0,6,0
992,15,10.0,9,0
992,3,4.0,10,0
992,5,13.0,7,0
992,210,11.0,8,0
993,6,126.0,2,2
993,131,153.0,1,2
993,9,80.0,3,1
993,1,40.0,5,0
993,4,41.0,4,0
993,10,18.0,7,0
993,15,11.0,9,0
993,3,4.0,10,0
993,5,13.0,8,0
993,210,19.0,6,0
994,6,156.0,2,2
994,131,178.0,1,2
994,9,107.0,3,2
994,1,40.0,5,0
994,4,46.0,4,0
994,10,26.0,6,0
994,15,11.0,9,0
994,3,4.0,10,0
994,5,19.0,7,0
994,210,19.0,8,0
995,6,189.0,2,3
995,131,206.0,1,2
995,9,134.0,3,2
995,1,40.0,5,0
995,4,56.0,4,0
995,10,28.0,6,0
995,15,12.0,9,0
995,3,4.0,10,0
995,5,19.0,7,0
995,210,19.0,8,0
996,6,214.0,2,3
996,131,237.0,1,3
996,9,164.0,3,2
996,1,40.0,5,0
996,4,62.0,4,0
996,10,28.0,6,0
996,15,13.0,9,0
996,3,4.0,10,0
996,5,19.0,8,0
996,210,27.0,7,0
997,6,247.0,1,3
997,131,237.0,2,3
997,9,189.0,3,3
997,1,44.0,6,0
997,4,62.0,4,0
997,10,42.0,7,0
997,15,16.0,9,0
997,3,4.0,10,0
997,5,19.0,8,0
997,210,49.0,5,0
998,6,287.0,1,4
998,131,267.0,2,3
998,9,199.0,3,3
998,1,48.0,7,0
998,4,70.0,4,0
998,10,49.0,6,0
998,15,16.0,9,0
998,3,4.0,10,0
998,5,19.0,8,0
998,210,51.0,5,0
999,6,302.0,2,4
999,131,310.0,1,4
999,9,211.0,3,3
999,1,48.0,7,0
999,4,80.0,4,0
999,10,59.0,5,0
999,15,18.0,9,0
999,3,4.0,10,0
999,5,20.0,8,0
999,210,59.0,6,0
1000,6,335.0,2,4
1000,131,345.0,1,5
1000,9,223.0,3,3
1000,1,52.0,7,0
1000,4,82.0,4,0
1000,10,59.0,6,0
1000,15,18.0,9,0
1000,3,4.0,10,0
1000,5,28.0,8,0
1000,210,66.0,5,0
1001,6,360.0,2,5
1001,131,375.0,1,5
1001,9,238.0,3,3
1001,1,52.0,6,0
1001,4,82.0,4,0
1001,10,18.0,9,0
1001,15,19.0,8,0
1001,3,4.0,10,0
1001,5,30.0,7,0
1001,210,76.0,5,0
1002,5,30.0,8,0
1002,3,7.0,10,0
1002,10,32.0,7,0
1002,1,52.0,6,0
1002,131,415.0,1,6
1002,210,76.0,5,0
1002,15,19.0,9,0
1002,6,390.0,2,5
1002,9,248.0,3,3
1002,4,86.0,4,0
1003,6,415.0,2,5
1003,131,452.0,1,7
1003,9,274.0,3,3
1003,1,58.0,6,0
1003,4,91.0,4,0
1003,10,32.0,7,0
1003,15,21.0,9,0
1003,3,7.0,10,0
1003,5,30.0,8,0
1003,210,76.0,5,0
1004,6,442.0,2,5
1004,131,495.0,1,8
1004,9,292.0,3,3
1004,1,58.0,6,0
1004,4,91.0,4,0
1004,10,35.0,7,0
1004,15,27.0,9,0
1004,3,7.0,10,0
1004,5,30.0,8,0
1004,210,80.0,5,0
1005,6,460.0,2,5
1005,131,538.0,1,9
1005,9,319.0,3,3
1005,1,58.0,6,0
1005,4,92.0,4,0
1005,10,43.0,7,0
1005,15,27.0,9,0
1005,3,7.0,10,0
1005,5,30.0,8,0
1005,210,84.0,5,0
1006,210,84.0,5,0
1006,5,32.0,8,0
1006,3,7.0,10,0
1006,10,47.0,7,0
1006,1,58.0,6,0
1006,131,563.0,1,9
1006,15,28.0,9,0
1006,6,497.0,2,6
1006,9,337.0,3,3
1006,4,106.0,4,0
1007,6,530.0,2,6
1007,131,585.0,1,9
1007,9,362.0,3,4
1007,1,62.0,6,0
1007,4,114.0,4,0
1007,10,47.0,7,0
1007,15,36.0,8,0
1007,3,7.0,10,0
1007,5,33.0,9,0
1007,210,84.0,5,0
1008,6,553.0,2,6
1008,131,620.0,1,10
1008,9,392.0,3,4
1008,1,62.0,6,0
1008,4,114.0,4,0
1008,10,48.0,7,0
1008,15,42.0,8,0
1008,3,7.0,10,0
1008,5,33.0,9,0
1008,210,90.0,5,0
1009,6,571.0,2,6
1009,131,655.0,1,11
1009,9,419.0,3,4
1009,1,62.0,6,0
1009,4,122.0,4,0
1009,10,52.0,7,0
1009,15,48.0,8,0
1009,3,7.0,10,0
1009,5,33.0,9,0
1009,210,93.0,5,0
1010,4,6.0,5,0
1010,210,8.0,4,0
1010,6,22.0,2,0
1010,9,15.0,3,0
1010,131,44.0,1,1
1010,51,4.0,6,0
1010,211,2.0,7,0
1010,5,1.0,8,0
1010,1,0.0,9,0
1010,3,0.0,10,0
1012,131,130.0,1,3
1011,3,0.0,10,0
1011,5,3.0,8,0
1011,6,48.0,2,0
1011,1,8.0,5,0
1011,51,10.0,4,0
1011,9,31.0,3,0
1011,211,3.0,9,0
1011,4,6.0,7,0
1011,210,8.0,6,0
1011,131,87.0,1,2
1012,9,52.0,3,0
1012,6,73.0,2,0
1012,210,8.0,6,0
1012,4,12.0,4,0
1012,51,12.0,5,0
1012,211,7.0,8,0
1012,5,4.0,9,0
1012,1,8.0,7,0
1012,3,0.0,10,0
1013,131,173.0,1,4
1013,9,64.0,3,0
1013,6,99.0,2,0
1013,210,8.0,8,0
1013,4,12.0,7,0
1013,51,13.0,6,0
1013,211,17.0,5,0
1013,5,4.0,9,0
1013,1,18.0,4,0
1013,3,0.0,10,0
1014,131,217.0,1,5
1014,9,87.0,3,0
1014,6,121.0,2,0
1014,210,15.0,6,0
1014,4,12.0,8,0
1014,51,13.0,7,0
1014,211,17.0,5,0
1014,5,6.0,9,0
1014,1,22.0,4,0
1014,3,0.0,10,0
1015,131,257.0,1,6
1015,9,110.0,3,0
1015,6,139.0,2,0
1015,210,16.0,6,0
1015,4,14.0,8,0
1015,51,13.0,9,0
1015,211,17.0,5,0
1015,5,16.0,7,0
1015,1,30.0,4,0
1015,3,0.0,10,0
1016,131,295.0,1,7
1016,9,124.0,3,0
1016,6,172.0,2,0
1016,210,16.0,8,0
1016,4,28.0,5,0
1016,51,13.0,9,0
1016,211,19.0,6,0
1016,5,17.0,7,0
1016,1,30.0,4,0
1016,3,0.0,10,0
1017,3,0.0,10,0
1017,5,17.0,8,0
1018,9,169.0,3,1
1018,131,363.0,1,8
1017,1,40.0,4,0
1017,211,19.0,6,0
1017,4,32.0,5,0
1017,51,19.0,7,0
1017,210,16.0,9,0
1017,6,198.0,2,0
1017,9,137.0,3,0
1017,131,338.0,1,8
1018,6,228.0,2,0
1018,210,16.0,9,0
1018,4,32.0,5,0
1018,51,22.0,6,0
1018,211,19.0,7,0
1018,5,17.0,8,0
1018,1,52.0,4,0
1018,3,0.0,10,0
1019,131,407.0,1,9
1019,9,191.0,3,1
1019,6,243.0,2,0
1019,210,16.0,9,0
1019,4,39.0,5,0
1019,51,26.0,6,0
1019,211,19.0,7,0
1019,5,19.0,8,0
1019,1,60.0,4,0
1019,3,0.0,10,0
1020,1,70.0,4,0
1020,5,42.0,5,0
1020,51,26.0,9,0
1020,210,26.0,8,0
1020,6,261.0,2,0
1020,3,1.0,10,0
1020,9,217.0,3,2
1020,211,31.0,7,0
1020,4,39.0,6,0
1020,131,409.0,1,9
1021,131,438.0,1,10
1021,9,244.0,3,2
1021,6,288.0,2,0
1021,210,26.0,9,0
1021,4,39.0,6,0
1021,51,32.0,7,0
1021,211,31.0,8,0
1021,5,43.0,5,0
1021,1,82.0,4,0
1021,3,1.0,10,0
1022,131,471.0,1,10
1022,9,254.0,3,2
1022,6,326.0,2,1
1022,210,26.0,9,0
1022,4,43.0,6,0
1022,51,32.0,8,0
1022,211,40.0,7,0
1022,5,51.0,5,0
1022,1,82.0,4,0
1022,3,1.0,10,0
1023,131,505.0,1,10
1023,9,266.0,3,2
1023,6,351.0,2,2
1023,210,26.0,9,0
1023,4,65.0,5,0
1023,51,34.0,8,0
1023,211,46.0,7,0
1023,5,51.0,6,0
1023,1,83.0,4,0
1023,3,1.0,10,0
1024,131,527.0,1,10
1024,9,289.0,3,2
1024,6,394.0,2,3
1024,210,26.0,9,0
1024,4,67.0,5,0
1024,51,35.0,8,0
1024,211,46.0,7,0
1024,5,55.0,6,0
1024,1,89.0,4,0
1024,3,1.0,10,0
1025,131,571.0,1,11
1025,9,311.0,3,2
1025,6,409.0,2,3
1025,210,28.0,9,0
1025,4,68.0,5,0
1025,51,35.0,8,0
1025,211,52.0,7,0
1025,5,55.0,6,0
1025,1,101.0,4,0
1025,3,1.0,10,0
1026,3,1.0,10,0
1026,1,111.0,4,0
1026,5,62.0,6,0
1026,211,58.0,7,0
1026,51,35.0,8,0
1026,6,435.0,2,3
1026,9,323.0,3,2
1026,210,28.0,9,0
1026,4,68.0,5,0
1026,131,612.0,1,12
1027,3,1.0,10,0
1027,1,111.0,4,0
1027,5,64.0,6,0
1027,211,64.0,7,0
1027,51,35.0,8,0
1027,6,466.0,2,3
1027,9,341.0,3,2
1027,210,28.0,9,0
1027,4,73.0,5,0
1027,131,652.0,1,13
1028,131,695.0,1,14
1028,9,366.0,3,2
1028,6,479.0,2,3
1028,210,28.0,9,0
1028,4,83.0,5,0
1028,51,35.0,8,0
1028,211,65.0,6,0
1028,5,64.0,7,0
1028,1,121.0,4,0
1028,3,1.0,10,0
1029,131,701.0,1,14
1029,9,391.0,3,3
1029,6,479.0,2,3
1029,210,28.0,9,0
1029,4,91.0,5,0
1029,51,57.0,8,0
1029,211,67.0,7,0
1029,5,83.0,6,0
1029,1,140.0,4,0
1029,3,1.0,10,0
1030,131,739.0,1,15
1030,9,417.0,3,3
1030,6,504.0,2,3
1030,210,28.0,9,0
1030,4,91.0,5,0
1030,51,57.0,8,0
1030,211,73.0,7,0
1030,5,85.0,6,0
1030,1,145.0,4,0
1030,3,1.0,10,0
1034,210,1.0,9,0
1034,9,78.0,2,0
1034,3,0.0,10,0
1034,51,2.0,8,0
1034,4,32.0,6,0
1034,213,13.0,7,0
1034,211,42.0,5,0
1034,1,51.0,3,0
1034,6,43.0,4,0
1034,131,146.0,1,4
1040,131,366.0,1,8
1031,210,0.0,10,0
1031,9,0.0,9,0
1031,3,0.0,8,0
1031,51,2.0,7,0
1031,4,4.0,6,0
1031,213,6.0,5,0
1031,211,8.0,4,0
1031,1,26.0,2,0
1031,6,19.0,3,0
1031,131,37.0,1,1
1032,131,80.0,1,2
1032,6,19.0,5,0
1032,1,39.0,2,0
1032,211,22.0,4,0
1032,213,7.0,7,0
1032,4,8.0,6,0
1032,51,2.0,8,0
1032,3,0.0,9,0
1032,9,27.0,3,0
1032,210,0.0,10,0
1033,9,55.0,2,0
1033,3,0.0,10,0
1033,4,12.0,6,0
1033,213,7.0,7,0
1033,211,40.0,4,0
1033,6,27.0,5,0
1033,1,41.0,3,0
1033,210,1.0,9,0
1033,51,2.0,8,0
1033,131,121.0,1,3
1035,131,180.0,1,4
1035,6,55.0,3,0
1035,1,53.0,4,0
1035,211,41.0,5,0
1035,213,14.0,7,0
1035,4,36.0,6,0
1035,51,2.0,8,0
1035,3,0.0,10,0
1035,9,113.0,2,1
1035,210,1.0,9,0
1036,131,221.0,1,5
1036,6,61.0,5,0
1036,1,62.0,4,0
1036,211,63.0,3,0
1036,213,16.0,7,0
1036,4,36.0,6,0
1036,51,2.0,8,0
1036,3,0.0,10,0
1036,9,135.0,2,1
1036,210,1.0,9,0
1037,131,264.0,1,6
1037,6,61.0,5,0
1037,1,68.0,3,0
1037,211,66.0,4,0
1037,213,20.0,7,0
1037,4,59.0,6,0
1037,51,2.0,8,0
1037,3,0.0,10,0
1037,9,158.0,2,1
1037,210,1.0,9,0
1038,131,281.0,1,6
1038,6,61.0,6,0
1038,1,98.0,3,0
1038,211,82.0,4,0
1038,213,47.0,7,1
1038,4,71.0,5,0
1038,51,2.0,8,0
1038,3,0.0,10,0
1038,9,158.0,2,1
1038,210,1.0,9,0
1039,131,325.0,1,7
1039,6,66.0,6,0
1039,1,106.0,3,0
1039,211,92.0,4,0
1039,213,53.0,7,1
1039,4,83.0,5,0
1039,51,4.0,8,0
1039,3,0.0,10,0
1039,9,173.0,2,1
1039,210,1.0,9,0
1040,6,74.0,6,0
1040,1,106.0,3,0
1040,211,104.0,4,0
1040,213,59.0,7,1
1040,4,99.0,5,0
1040,51,4.0,8,0
1040,3,0.0,10,0
1040,9,192.0,2,1
1040,210,1.0,9,0
1041,131,391.0,1,9
1041,6,80.0,6,0
1041,1,116.0,4,0
1041,211,120.0,3,0
1041,213,67.0,7,1
1041,4,114.0,5,0
1041,51,5.0,8,0
1041,3,0.0,10,0
1041,9,211.0,2,1
1041,210,3.0,9,0
1042,131,435.0,1,10
1042,6,93.0,6,0
1042,1,124.0,4,0
1042,211,126.0,3,0
1042,213,77.0,7,1
1042,4,120.0,5,0
1042,51,5.0,8,0
1042,3,0.0,10,0
1042,9,226.0,2,1
1042,210,3.0,9,0
1043,131,479.0,1,11
1043,6,103.0,6,0
1043,1,134.0,4,0
1043,211,134.0,5,0
1043,213,89.0,7,1
1043,4,135.0,3,0
1043,51,8.0,8,0
1043,3,0.0,10,0
1043,9,226.0,2,1
1043,210,3.0,9,0
1044,131,504.0,1,12
1044,6,130.0,6,0
1044,1,149.0,4,0
1044,211,154.0,3,0
1044,213,89.0,7,1
1044,4,136.0,5,0
1044,51,8.0,8,0
1044,3,0.0,10,0
1044,9,240.0,2,1
1044,210,3.0,9,0
1045,131,533.0,1,13
1045,6,131.0,6,0
1045,1,171.0,3,0
1045,211,154.0,4,0
1045,213,97.0,7,1
1045,4,144.0,5,0
1045,51,8.0,8,0
1045,3,0.0,10,0
1045,9,274.0,2,1
1045,210,3.0,9,0
1046,131,540.0,1,13
1046,6,131.0,6,0
1046,1,184.0,4,0
1046,211,194.0,3,1
1046,213,103.0,7,1
1046,4,172.0,5,0
1046,51,8.0,8,0
1046,3,0.0,10,0
1046,9,282.0,2,1
1046,210,3.0,9,0
1047,131,573.0,1,13
1047,6,131.0,6,0
1047,1,202.0,3,0
1047,211,195.0,4,1
1047,213,107.0,7,1
1047,4,181.0,5,0
1047,51,8.0,8,0
1047,3,0.0,10,0
1047,9,319.0,2,2
1047,210,3.0,9,0
1051,210,0.0,10,0
1051,3,23.0,8,0
1051,214,137.0,5,1
1051,51,11.0,9,0
1051,117,77.0,7,0
1051,213,112.0,6,0
1051,6,297.5,3,0
1051,1,258.0,4,1
1051,9,541.5,2,10
1051,131,546.5,1,8
1052,131,41.0,1,1
1052,9,28.0,2,0
1052,1,18.0,3,0
1052,6,12.0,4,0
1052,213,2.0,5,0
1052,117,1.0,6,0
1052,51,0.0,7,0
1052,214,0.0,8,0
1052,3,0.0,9,0
1052,210,0.0,10,0
1053,3,0.0,9,0
1053,51,0.0,8,0
1053,210,0.0,10,0
1053,9,53.0,2,1
1053,1,41.0,3,0
1053,214,3.0,7,0
1053,117,5.0,6,0
1053,213,8.0,5,0
1053,6,34.0,4,0
1053,131,60.0,1,1
1054,131,101.0,1,2
1054,9,83.0,2,1
1054,1,53.0,3,0
1054,6,42.0,4,0
1054,213,9.0,6,0
1054,117,5.0,7,0
1054,51,0.0,8,0
1054,214,13.0,5,0
1054,3,0.0,9,0
1054,210,0.0,10,0
1055,131,141.0,1,3
1055,9,112.0,2,1
1055,1,65.0,3,0
1055,6,60.0,4,0
1055,213,10.0,6,0
1055,117,5.0,7,0
1055,51,0.0,8,0
1055,214,15.0,5,0
1055,3,0.0,9,0
1055,210,0.0,10,0
1056,131,148.0,2,3
1056,9,149.0,1,2
1056,1,80.0,3,0
1056,6,78.0,4,0
1056,213,18.0,6,0
1056,117,19.0,5,0
1056,51,1.0,8,0
1056,214,17.0,7,0
1056,3,0.0,9,0
1056,210,0.0,10,0
1057,131,148.0,2,3
1057,9,174.0,1,3
1057,1,92.0,4,0
1057,6,94.0,3,0
1057,213,39.0,5,0
1057,117,37.0,6,0
1057,51,2.0,8,0
1057,214,25.0,7,0
1057,3,0.0,10,0
1057,210,0.0,9,0
1059,131,178.0,2,3
1059,9,215.0,1,4
1059,1,110.0,3,0
1059,6,94.0,4,0
1059,213,45.0,5,0
1059,117,40.0,6,0
1059,51,2.0,8,0
1059,214,29.0,7,0
1059,3,0.0,9,0
1059,210,0.0,10,0
1058,131,212.0,2,3
1058,9,252.0,1,5
1058,1,120.0,3,0
1058,6,108.0,4,0
1058,213,46.0,5,0
1058,117,44.0,6,0
1058,51,2.0,8,0
1058,214,31.0,7,0
1058,3,0.0,9,0
1058,210,0.0,10,0
1060,210,0.0,10,0
1060,213,48.0,5,0
1060,6,122.0,4,0
1060,3,0.0,9,0
1060,214,32.0,7,0
1060,51,2.0,8,0
1060,117,44.0,6,0
1060,1,141.0,3,0
1060,9,286.0,1,6
1060,131,242.0,2,3
1061,131,285.0,2,4
1061,9,289.0,1,6
1061,1,163.0,3,0
1061,6,148.0,4,0
1061,213,49.0,5,0
1061,117,48.0,6,0
1061,51,2.0,8,0
1061,214,40.0,7,0
1061,3,0.0,9,0
1061,210,0.0,10,0
1062,214,77.0,5,1
1062,51,3.0,9,0
1062,117,48.0,7,0
1062,213,68.0,6,0
1062,1,163.0,4,0
1062,210,0.0,10,0
1062,3,10.0,8,0
1062,6,163.0,3,0
1062,9,291.0,2,6
1062,131,303.0,1,4
1063,131,310.5,1,4
1063,9,303.5,2,7
1063,1,169.0,3,0
1063,6,165.5,4,0
1063,213,72.0,6,0
1063,117,53.0,7,0
1063,51,3.0,9,0
1063,214,80.0,5,1
1063,3,20.0,8,0
1063,210,0.0,10,0
1064,131,344.5,1,4
1064,9,332.5,2,8
1064,1,170.0,4,0
1064,6,181.5,3,0
1064,213,84.0,6,0
1064,117,53.0,7,0
1064,51,3.0,9,0
1064,214,90.0,5,1
1064,3,20.0,8,0
1064,210,0.0,10,0
1065,131,362.5,1,4
1065,9,344.5,2,8
1065,1,215.0,3,1
1065,6,201.5,4,0
1065,213,84.0,6,0
1065,117,59.0,7,0
1065,51,3.0,9,0
1065,214,95.0,5,1
1065,3,22.0,8,0
1065,210,0.0,10,0
1066,131,397.5,1,5
1066,9,364.5,2,8
1066,1,234.0,3,1
1066,6,216.5,4,0
1066,213,84.0,6,0
1066,117,59.0,7,0
1066,51,7.0,9,0
1066,214,103.0,5,1
1066,3,23.0,8,0
1066,210,0.0,10,0
1067,131,433.5,1,6
1067,9,397.5,2,8
1067,1,240.0,3,1
1067,6,232.5,4,0
1067,213,92.0,6,0
1067,117,61.0,7,0
1067,51,7.0,9,0
1067,214,104.0,5,1
1067,3,23.0,8,0
1067,210,0.0,10,0
1069,131,460.5,1,6
1069,9,437.5,2,9
1069,1,254.0,3,1
1069,6,250.5,4,0
1069,213,94.0,6,0
1069,117,62.0,7,0
1069,51,7.0,9,0
1069,214,104.0,5,1
1069,3,23.0,8,0
1069,210,0.0,10,0
1070,131,478.5,1,6
1070,9,477.5,2,10
1070,1,255.0,4,1
1070,6,268.5,3,0
1070,213,106.0,6,0
1070,117,68.0,7,0
1070,51,11.0,9,0
1070,214,106.0,5,1
1070,3,23.0,8,0
1070,210,0.0,10,0
1071,131,521.5,1,7
1071,9,510.5,2,10
1071,1,256.0,4,1
1071,6,287.5,3,0
1071,213,112.0,6,0
1071,117,68.0,7,0
1071,51,11.0,9,0
1071,214,112.0,5,1
1071,3,23.0,8,0
1071,210,0.0,10,0
1072,131,587.5,1,9
1072,9,559.5,2,10
1072,1,269.0,4,1
1072,6,307.5,3,0
1072,213,120.0,6,0
1072,117,77.0,7,0
1072,51,13.0,9,0
1072,214,149.0,5,1
1072,3,23.0,8,0
1072,210,0.0,10,0
1073,131,613.5,1,9
1073,9,585.5,2,11
1073,1,275.0,4,1
1073,6,323.5,3,0
1073,213,142.0,6,0
1073,117,77.0,7,0
1073,51,13.0,9,0
1073,214,155.0,5,1
1073,3,23.0,8,0
1073,210,0.0,10,0
1074,9,0.0,10,0
1074,1,0.0,9,0
1074,3,0.0,8,0
1074,117,0.0,7,0
1074,213,4.0,6,0
1074,214,8.0,5,0
1074,51,9.0,4,0
1074,210,10.0,3,0
1074,131,27.0,2,0
1074,6,44.0,1,1
1075,6,78.0,1,1
1075,131,38.0,2,0
1075,210,12.0,5,0
1075,51,9.0,6,0
1075,214,16.0,4,0
1075,213,8.0,7,0
1075,117,0.0,9,0
1075,3,0.0,10,0
1075,1,6.0,8,0
1075,9,37.0,3,1
1076,6,104.0,1,2
1076,131,65.0,2,0
1076,210,12.0,7,0
1076,51,13.0,6,0
1076,214,22.0,5,0
1076,213,10.0,8,0
1076,117,0.0,10,0
1076,3,1.0,9,0
1076,1,24.0,4,0
1076,9,55.0,3,1
1077,6,124.0,1,2
1077,131,77.0,3,0
1077,210,15.0,8,0
1077,51,25.0,5,0
1077,214,22.0,6,0
1077,213,16.0,7,0
1077,117,5.0,9,0
1077,3,1.0,10,0
1077,1,46.0,4,0
1077,9,113.0,2,2
1078,6,157.0,1,2
1078,131,95.0,3,0
1078,210,15.0,8,0
1078,51,31.0,5,0
1078,214,26.0,6,0
1078,213,16.0,7,0
1078,117,6.0,9,0
1078,3,3.0,10,0
1078,1,46.0,4,0
1078,9,151.0,2,3
1079,6,169.0,2,2
1079,131,120.0,3,0
1079,210,15.0,8,0
1079,51,39.0,5,0
1079,214,34.0,6,0
1079,213,17.0,7,0
1079,117,6.0,9,0
1079,3,3.0,10,0
1079,1,50.0,4,0
1079,9,195.0,1,4
1080,6,199.0,2,2
1080,131,134.0,3,0
1080,210,15.0,8,0
1080,51,41.0,5,0
1080,214,40.0,6,0
1080,213,17.0,7,0
1080,117,7.0,9,0
1080,3,3.0,10,0
1080,1,59.0,4,0
1080,9,235.0,1,5
1081,6,199.0,2,2
1081,131,161.0,3,0
1081,210,15.0,8,0
1081,51,41.0,6,0
1081,214,47.0,5,0
1081,213,27.0,7,0
1081,117,15.0,9,0
1081,3,3.0,10,0
1081,1,65.0,4,0
1081,9,279.0,1,6
1082,9,304.0,1,7
1082,1,65.0,4,0
1082,3,3.0,10,0
1082,213,27.0,7,0
1082,210,15.0,9,0
1082,6,228.0,2,2
1082,131,188.0,3,0
1082,117,16.0,8,0
1082,214,57.0,5,0
1082,51,51.0,6,0
1083,6,265.0,2,3
1083,131,204.0,3,0
1083,210,20.0,8,0
1083,51,51.0,6,0
1083,214,67.0,5,0
1083,213,27.0,7,0
1083,117,18.0,9,0
1083,3,3.0,10,0
1083,1,73.0,4,0
1083,9,328.0,1,7
1084,6,303.0,2,4
1084,131,237.0,3,0
1084,210,34.0,7,0
1084,51,51.0,6,0
1084,214,81.0,5,0
1084,213,27.0,8,0
1084,117,18.0,9,0
1084,3,3.0,10,0
1084,1,81.0,4,0
1084,9,359.0,1,7
1085,6,314.0,2,4
1085,131,270.0,3,0
1085,210,34.0,7,0
1085,51,51.0,6,0
1085,214,93.0,4,0
1085,213,27.0,8,0
1085,117,19.0,9,0
1085,3,3.0,10,0
1085,1,89.0,5,0
1085,9,396.0,1,8
1086,6,334.0,2,4
1086,131,304.0,3,0
1086,210,34.0,7,0
1086,51,51.0,6,0
1086,214,99.0,4,0
1086,213,27.0,8,0
1086,117,20.0,9,0
1086,3,3.0,10,0
1086,1,95.0,5,0
1086,9,431.0,1,9
