raceId,driverId,points,position,wins
969,830,10.0,5,0
969,8,12.0,4,0
969,822,15.0,3,0
969,1,18.0,2,0
969,20,25.0,1,1
860,807,0.0,22,0
860,3,0.0,12,0
860,154,0.0,21,0
860,13,0.0,17,0
860,813,0.0,13,0
860,818,0.0,11,0
860,817,2.0,9,0
860,815,4.0,8,0
860,8,6.0,7,0
860,155,8.0,6,0
860,4,10.0,5,0
860,1,15.0,3,0
860,20,18.0,2,0
860,18,25.0,1,1
861,18,25.0,3,1
861,20,18.0,6,0
861,1,30.0,2,0
861,4,35.0,1,1
861,155,8.0,9,0
861,8,16.0,7,0
861,815,22.0,5,0
861,817,2.0,12,0
861,818,4.0,11,0
861,3,0.0,15,0
861,813,0.0,16,0
861,13,0.0,19,0
861,154,0.0,24,0
861,807,2.0,13,0
862,18,43.0,2,1
862,20,28.0,5,0
862,1,45.0,1,0
862,4,37.0,3,1
862,155,9.0,10,0
862,8,16.0,8,0
862,815,22.0,7,0
862,817,2.0,15,0
862,818,4.0,13,0
862,3,25.0,6,1
862,813,4.0,14,0
862,13,0.0,18,0
862,154,8.0,11,0
862,807,2.0,16,0
863,18,43.0,4,1
863,20,53.0,1,1
863,1,49.0,2,0
863,4,43.0,5,1
863,155,9.0,12,0
863,8,34.0,7,0
863,815,22.0,9,0
863,817,2.0,15,0
863,818,4.0,13,0
863,3,35.0,6,1
863,813,4.0,14,0
863,13,2.0,17,0
863,154,23.0,8,0
863,807,2.0,16,0
864,18,45.0,6,1
864,20,61.0,1,1
864,1,53.0,3,0
864,4,61.0,2,1
864,155,19.0,11,0
864,8,49.0,4,0
864,815,22.0,10,0
864,817,2.0,16,0
864,818,4.0,14,0
864,3,41.0,7,1
864,813,29.0,9,1
864,13,2.0,17,0
864,154,35.0,8,0
864,807,3.0,15,0
865,18,45.0,7,1
865,20,73.0,2,1
865,1,63.0,4,0
865,4,76.0,1,1
865,155,19.0,12,0
865,8,51.0,6,0
865,815,22.0,10,0
865,817,2.0,17,0
865,818,4.0,16,0
865,3,59.0,5,1
865,813,29.0,9,1
865,13,10.0,14,0
865,154,35.0,8,0
865,807,7.0,15,0
866,18,45.0,8,1
866,20,85.0,3,1
866,1,88.0,1,1
866,4,86.0,2,1
866,155,21.0,11,0
866,8,55.0,6,0
866,815,37.0,9,0
866,817,2.0,17,0
866,818,4.0,16,0
866,3,67.0,5,1
866,813,29.0,10,1
866,13,11.0,14,0
866,154,53.0,7,0
866,807,7.0,15,0
867,18,49.0,8,1
867,20,85.0,4,1
867,1,88.0,3,1
867,4,111.0,1,2
867,155,21.0,12,0
867,8,73.0,6,0
867,815,39.0,9,0
867,817,2.0,18,0
867,818,4.0,17,0
867,3,75.0,5,1
867,813,29.0,10,1
867,13,11.0,16,0
867,154,53.0,7,0
867,807,17.0,14,0
868,18,50.0,8,1
868,20,100.0,3,1
868,1,92.0,4,1
868,4,129.0,1,2
868,155,21.0,14,0
868,8,83.0,5,0
868,815,39.0,9,0
868,817,2.0,18,0
868,818,4.0,17,0
868,3,75.0,6,1
868,813,29.0,10,1
868,13,23.0,13,0
868,154,61.0,7,0
868,807,17.0,16,0
870,4,164.0,1,3
870,1,117.0,4,2
870,20,122.0,3,1
870,18,76.0,7,1
869,807,19.0,15,0
869,154,61.0,8,0
869,13,23.0,14,0
869,20,110.0,3,1
869,1,92.0,5,1
869,4,154.0,1,3
869,155,33.0,10,0
869,8,98.0,4,0
869,815,47.0,9,0
869,817,2.0,18,0
869,818,4.0,17,0
869,3,76.0,6,1
869,813,29.0,11,1
869,18,68.0,7,1
870,155,33.0,10,0
870,8,116.0,5,0
870,815,47.0,9,0
870,817,2.0,18,0
870,818,4.0,17,0
870,3,77.0,6,1
870,813,29.0,11,1
870,13,25.0,14,0
870,154,76.0,8,0
870,807,19.0,16,0
871,18,101.0,6,2
871,20,140.0,2,1
871,1,117.0,5,2
871,4,164.0,1,3
871,155,33.0,12,0
871,8,131.0,4,0
871,815,47.0,9,0
871,817,4.0,18,0
871,818,8.0,17,0
871,3,77.0,7,1
871,813,29.0,14,1
871,13,35.0,11,0
871,154,76.0,8,0
871,807,31.0,13,0
872,18,101.0,6,2
872,20,140.0,4,1
872,1,142.0,2,3
872,4,179.0,1,3
872,155,35.0,12,0
872,8,141.0,3,0
872,815,65.0,9,0
872,817,4.0,18,0
872,818,8.0,17,0
872,3,83.0,7,1
872,813,29.0,15,1
872,13,47.0,10,0
872,154,76.0,8,0
872,807,31.0,14,0
873,154,82.0,8,0
873,155,35.0,13,0
873,8,149.0,3,0
873,807,31.0,14,0
873,13,51.0,10,0
873,813,29.0,15,1
873,3,93.0,7,1
873,818,8.0,17,0
873,815,66.0,9,0
873,817,6.0,18,0
873,4,194.0,1,3
873,20,165.0,2,2
873,18,119.0,6,2
874,807,37.0,14,0
874,154,82.0,8,0
874,13,69.0,9,0
874,813,33.0,15,1
874,817,7.0,18,0
874,155,50.0,11,0
874,20,190.0,2,3
874,8,157.0,3,0
874,815,66.0,10,0
874,4,194.0,1,3
874,3,93.0,7,1
874,818,8.0,17,0
874,18,131.0,6,2
874,1,152.0,4,3
873,1,142.0,4,3
875,18,131.0,6,2
875,20,215.0,1,4
875,1,153.0,4,3
875,4,209.0,2,3
875,155,50.0,11,0
875,8,167.0,3,0
875,815,66.0,10,0
875,817,9.0,18,0
875,818,12.0,17,0
875,3,93.0,7,1
875,813,33.0,15,1
875,13,81.0,9,0
875,154,88.0,8,0
875,807,45.0,12,0
876,18,141.0,6,2
876,20,240.0,1,5
876,1,165.0,5,3
876,4,227.0,2,3
876,155,50.0,11,0
876,8,173.0,3,0
876,815,66.0,10,0
876,817,9.0,18,0
876,818,12.0,17,0
876,3,93.0,7,1
876,813,33.0,15,1
876,13,89.0,9,0
876,154,90.0,8,0
876,807,49.0,12,0
877,18,153.0,6,2
877,20,255.0,1,5
877,1,165.0,5,3
877,4,245.0,2,3
877,155,58.0,11,0
877,8,198.0,3,1
877,815,66.0,10,0
877,817,10.0,18,0
877,818,12.0,17,0
877,3,93.0,8,1
877,813,43.0,14,1
877,13,95.0,7,0
877,154,90.0,9,0
877,807,49.0,12,0
878,18,163.0,6,2
878,20,273.0,1,5
878,1,190.0,4,4
878,4,260.0,2,3
878,155,58.0,11,0
878,8,206.0,3,1
878,815,66.0,10,0
878,817,10.0,18,0
878,818,12.0,17,0
878,3,93.0,9,1
878,813,45.0,14,1
878,13,107.0,7,0
878,154,96.0,8,0
878,807,53.0,12,0
879,18,188.0,5,3
879,20,281.0,1,5
879,1,190.0,4,4
879,4,278.0,2,3
879,155,60.0,12,0
879,8,207.0,3,1
879,815,66.0,10,0
879,817,10.0,18,0
879,818,16.0,17,0
879,3,93.0,9,1
879,813,45.0,15,1
879,13,122.0,7,0
879,154,96.0,8,0
879,807,63.0,11,0
880,8,25.0,1,1
880,4,18.0,2,0
880,20,15.0,3,0
880,13,12.0,4,0
880,1,10.0,5,0
880,16,6.0,7,0
880,18,2.0,9,0
880,154,1.0,10,0
880,815,0.0,11,0
880,818,0.0,12,0
880,821,0.0,13,0
880,822,0.0,14,0
880,824,0.0,15,0
880,820,0.0,17,0
880,817,0.0,19,0
880,3,0.0,20,0
880,813,0.0,21,0
880,807,0.0,22,0
881,8,31.0,2,1
881,4,18.0,6,0
881,20,40.0,1,1
881,13,22.0,5,0
881,1,25.0,4,0
881,16,6.0,9,0
881,18,2.0,13,0
881,154,9.0,8,0
881,815,2.0,12,0
881,818,1.0,14,0
881,821,0.0,16,0
881,822,0.0,15,0
881,824,0.0,17,0
881,820,0.0,20,0
881,817,0.0,21,0
881,3,12.0,7,0
881,813,0.0,22,0
881,807,4.0,11,0
882,8,49.0,2,1
882,4,43.0,3,1
882,20,52.0,1,1
882,13,30.0,5,0
882,1,40.0,4,0
882,16,6.0,12,0
882,18,12.0,8,0
882,154,11.0,9,0
882,815,2.0,14,0
882,818,1.0,15,0
882,821,0.0,17,0
882,822,0.0,16,0
882,824,0.0,18,0
882,820,0.0,22,0
882,817,6.0,11,0
882,3,12.0,7,0
882,813,0.0,20,0
882,807,5.0,13,0
883,8,67.0,2,1
883,4,47.0,4,1
883,20,77.0,1,2
883,13,30.0,6,0
883,1,50.0,3,0
883,16,6.0,12,0
883,18,13.0,10,0
883,154,26.0,7,0
883,815,10.0,11,0
883,818,1.0,15,0
883,821,0.0,18,0
883,822,0.0,16,0
883,824,0.0,19,0
883,820,0.0,22,0
883,817,6.0,13,0
883,3,14.0,9,0
883,813,0.0,17,0
883,807,5.0,14,0
884,813,0.0,18,0
884,3,22.0,9,0
884,817,7.0,12,0
884,820,0.0,22,0
884,824,0.0,19,0
884,822,0.0,17,0
884,821,0.0,16,0
884,818,1.0,15,0
884,18,17.0,10,0
884,16,6.0,13,0
884,1,50.0,4,0
884,20,89.0,1,2
884,4,72.0,3,2
884,8,85.0,2,1
884,807,5.0,14,0
884,815,12.0,11,0
884,154,26.0,7,0
884,13,45.0,5,0
885,8,86.0,2,1
885,4,78.0,3,2
885,20,107.0,1,2
885,13,45.0,7,0
885,1,62.0,4,0
885,16,16.0,11,0
885,18,25.0,10,0
885,154,26.0,9,0
885,815,12.0,12,0
885,818,5.0,15,0
885,821,0.0,16,0
885,822,0.0,17,0
885,824,0.0,19,0
885,820,0.0,21,0
885,817,7.0,13,0
885,3,47.0,6,1
885,813,0.0,18,0
885,807,5.0,14,0
886,8,88.0,3,1
886,4,96.0,2,2
886,20,132.0,1,3
886,13,49.0,7,0
886,1,77.0,4,0
886,16,17.0,11,0
886,18,25.0,10,0
886,154,26.0,9,0
886,815,12.0,13,0
886,818,13.0,12,0
886,821,0.0,16,0
886,822,0.0,17,0
886,824,0.0,19,0
886,820,0.0,21,0
886,817,7.0,14,0
886,3,57.0,6,1
886,813,0.0,18,0
886,807,5.0,15,0
887,807,6.0,15,0
887,813,0.0,16,0
887,817,11.0,14,0
887,824,0.0,19,0
887,821,0.0,18,0
887,818,13.0,12,0
887,16,23.0,11,0
887,20,132.0,1,3
887,13,57.0,7,0
887,1,89.0,4,0
887,3,82.0,6,2
887,820,0.0,21,0
887,822,0.0,17,0
887,8,98.0,3,1
887,4,111.0,2,2
887,815,12.0,13,0
887,154,26.0,9,0
887,18,25.0,10,0
888,8,116.0,3,1
888,4,123.0,2,2
888,20,157.0,1,4
888,13,57.0,7,0
888,1,99.0,4,0
888,16,23.0,11,0
888,18,33.0,10,0
888,154,41.0,8,0
888,815,16.0,12,0
888,818,13.0,13,0
888,821,0.0,18,0
888,822,0.0,17,0
888,824,0.0,19,0
888,820,0.0,21,0
888,817,11.0,14,0
888,3,84.0,6,2
888,813,0.0,16,0
888,807,7.0,15,0
890,8,134.0,2,1
890,4,133.0,3,2
890,20,172.0,1,4
890,13,61.0,7,0
890,1,124.0,4,1
890,16,23.0,11,0
890,18,39.0,9,0
890,154,49.0,8,0
890,815,18.0,12,0
890,818,13.0,13,0
890,821,0.0,18,0
890,822,0.0,17,0
890,824,0.0,19,0
890,820,0.0,22,0
890,817,11.0,14,0
890,3,84.0,6,2
890,813,1.0,16,0
890,807,7.0,15,0
891,8,134.0,4,1
891,4,151.0,2,2
891,20,197.0,1,5
891,13,67.0,7,0
891,1,139.0,3,1
891,16,25.0,11,0
891,18,47.0,9,0
891,154,53.0,8,0
891,815,18.0,12,0
891,818,13.0,13,0
891,821,0.0,18,0
891,822,0.0,17,0
891,824,0.0,19,0
891,820,0.0,22,0
891,817,12.0,14,0
891,3,96.0,6,2
891,813,1.0,16,0
891,807,7.0,15,0
892,8,134.0,4,1
892,4,169.0,2,2
892,20,222.0,1,6
892,13,79.0,7,0
892,1,141.0,3,1
892,16,25.0,11,0
892,18,48.0,9,0
892,154,57.0,8,0
892,815,18.0,12,0
892,818,13.0,15,0
892,821,0.0,18,0
892,822,0.0,17,0
892,824,0.0,19,0
892,820,0.0,22,0
892,817,18.0,13,0
892,3,104.0,6,2
892,813,1.0,16,0
892,807,17.0,14,0
893,8,149.0,4,1
893,4,187.0,2,2
893,20,247.0,1,7
893,13,87.0,7,0
893,1,151.0,3,1
893,16,26.0,11,0
893,18,54.0,9,0
893,154,57.0,8,0
893,815,22.0,12,0
893,818,13.0,15,0
893,821,0.0,17,0
893,822,0.0,18,0
893,824,0.0,19,0
893,820,0.0,22,0
893,817,18.0,14,0
893,3,116.0,6,2
893,813,1.0,16,0
893,807,19.0,13,0
894,8,167.0,3,1
894,4,195.0,2,2
894,20,272.0,1,8
894,13,89.0,7,0
894,1,161.0,4,1
894,16,26.0,12,0
894,18,58.0,9,0
894,154,72.0,8,0
894,815,23.0,13,0
894,818,13.0,15,0
894,821,0.0,17,0
894,822,0.0,18,0
894,824,0.0,19,0
894,820,0.0,22,0
894,817,18.0,14,0
894,3,122.0,6,2
894,813,1.0,16,0
894,807,31.0,11,0
895,8,177.0,3,1
895,4,207.0,2,2
895,20,297.0,1,9
895,13,90.0,7,0
895,1,161.0,4,1
895,16,26.0,12,0
895,18,60.0,9,0
895,154,87.0,8,0
895,815,23.0,13,0
895,818,13.0,15,0
895,821,6.0,16,0
895,822,0.0,18,0
895,824,0.0,19,0
895,820,0.0,22,0
895,817,18.0,14,0
895,3,126.0,6,2
895,813,1.0,17,0
895,807,39.0,10,0
896,8,183.0,3,1
896,4,207.0,2,2
896,20,322.0,1,10
896,13,102.0,8,0
896,1,169.0,4,1
896,16,28.0,13,0
896,18,60.0,9,0
896,154,102.0,7,0
896,815,33.0,12,0
896,818,13.0,15,0
896,821,6.0,16,0
896,822,0.0,18,0
896,824,0.0,19,0
896,820,0.0,22,0
896,817,19.0,14,0
896,3,144.0,6,2
896,813,1.0,17,0
896,807,39.0,11,0
897,8,183.0,3,1
897,4,217.0,2,2
897,20,347.0,1,11
897,13,106.0,8,0
897,1,175.0,4,1
897,16,29.0,13,0
897,18,60.0,9,0
897,154,114.0,7,0
897,815,35.0,12,0
897,818,13.0,15,0
897,821,6.0,16,0
897,822,0.0,18,0
897,824,0.0,19,0
897,820,0.0,22,0
897,817,19.0,14,0
897,3,159.0,6,2
897,813,1.0,17,0
897,807,39.0,11,0
898,8,183.0,4,1
898,4,227.0,2,2
898,20,372.0,1,12
898,13,106.0,8,0
898,1,187.0,3,1
898,16,29.0,13,0
898,18,61.0,9,0
898,154,132.0,7,0
898,815,41.0,12,0
898,818,13.0,15,0
898,821,6.0,16,0
898,822,4.0,17,0
898,824,0.0,19,0
898,820,0.0,22,0
898,817,19.0,14,0
898,3,161.0,6,2
898,813,1.0,18,0
898,807,47.0,11,0
899,8,183.0,5,1
899,4,242.0,2,2
899,20,397.0,1,13
899,13,112.0,8,0
899,1,189.0,4,1
899,16,29.0,13,0
899,18,73.0,9,0
899,154,132.0,7,0
899,815,49.0,11,0
899,818,13.0,15,0
899,821,6.0,16,0
899,822,4.0,17,0
899,824,0.0,19,0
899,820,0.0,23,0
899,817,20.0,14,0
899,3,171.0,6,2
899,813,1.0,18,0
899,807,51.0,10,0
900,13,0.0,20,0
900,20,0.0,18,0
900,813,0.0,16,0
900,824,0.0,14,0
900,821,0.0,12,0
900,825,18.0,2,0
900,18,15.0,3,0
900,4,12.0,4,0
900,822,10.0,5,0
900,807,8.0,6,0
900,8,6.0,7,0
900,155,0.0,21,0
900,1,0.0,19,0
900,828,0.0,17,0
900,154,0.0,15,0
900,820,0.0,13,0
900,16,0.0,11,0
900,815,1.0,10,0
900,826,2.0,9,0
900,818,4.0,8,0
900,3,25.0,1,1
900,817,0.0,22,0
901,3,43.0,1,1
901,825,20.0,5,0
901,18,23.0,4,0
901,4,24.0,3,0
901,822,14.0,8,0
901,807,18.0,6,0
901,8,6.0,9,0
901,818,4.0,11,0
901,826,3.0,12,0
901,815,1.0,13,0
901,16,0.0,15,0
901,821,0.0,16,0
901,820,0.0,17,0
901,824,0.0,20,0
901,154,0.0,14,0
901,813,0.0,21,0
901,828,0.0,19,0
901,20,15.0,7,0
901,1,25.0,2,1
901,13,6.0,10,0
901,155,0.0,18,0
901,817,0.0,22,0
902,3,61.0,1,1
902,825,20.0,7,0
902,18,23.0,5,0
902,4,26.0,4,0
902,822,18.0,8,0
902,807,28.0,3,0
902,8,7.0,12,0
902,818,4.0,13,0
902,826,3.0,14,0
902,815,16.0,9,0
902,16,0.0,16,0
902,821,0.0,17,0
902,820,0.0,18,0
902,824,0.0,22,0
902,154,0.0,15,0
902,813,0.0,20,0
902,828,0.0,21,0
902,20,23.0,6,0
902,1,50.0,2,2
902,13,12.0,11,0
902,155,0.0,19,0
902,817,12.0,10,0
903,3,79.0,1,1
903,825,20.0,9,0
903,18,23.0,8,0
903,4,41.0,3,0
903,822,24.0,7,0
903,807,36.0,4,0
903,8,11.0,12,0
903,818,4.0,13,0
903,826,4.0,14,0
903,815,18.0,10,0
903,16,0.0,16,0
903,821,0.0,17,0
903,820,0.0,18,0
903,824,0.0,22,0
903,154,0.0,15,0
903,813,0.0,20,0
903,828,0.0,21,0
903,20,33.0,5,0
903,1,75.0,2,3
903,13,12.0,11,0
903,155,0.0,19,0
903,817,24.0,6,0
904,3,97.0,2,1
904,825,20.0,9,0
904,18,23.0,8,0
904,4,49.0,3,0
904,822,34.0,7,0
904,807,37.0,6,0
904,8,17.0,11,0
904,818,4.0,14,0
904,826,4.0,15,0
904,815,20.0,10,0
904,16,0.0,16,0
904,821,0.0,17,0
904,820,0.0,18,0
904,824,0.0,22,0
904,154,4.0,13,0
904,813,0.0,20,0
904,828,0.0,21,0
904,20,45.0,4,0
904,1,100.0,1,4
904,13,12.0,12,0
904,155,0.0,19,0
904,817,39.0,5,0
905,3,122.0,1,2
905,825,21.0,9,0
905,18,31.0,8,0
905,4,61.0,3,0
905,822,34.0,7,0
905,807,47.0,5,0
905,8,17.0,12,0
905,818,4.0,14,0
905,826,4.0,15,0
905,815,20.0,10,0
905,16,0.0,18,0
905,821,0.0,19,0
905,820,0.0,20,0
905,824,2.0,16,0
905,154,8.0,13,0
905,813,0.0,22,0
905,828,0.0,17,0
905,20,45.0,6,0
905,1,118.0,2,4
905,13,18.0,11,0
905,155,0.0,21,0
905,817,54.0,4,0
906,3,140.0,1,2
906,825,23.0,9,0
906,18,43.0,7,0
906,4,69.0,4,0
906,822,40.0,8,0
906,807,57.0,6,0
906,8,18.0,12,0
906,818,8.0,14,0
906,826,4.0,15,0
906,815,20.0,10,0
906,16,0.0,17,0
906,821,0.0,19,0
906,820,0.0,20,0
906,824,2.0,16,0
906,154,8.0,13,0
906,813,0.0,22,0
906,828,0.0,18,0
906,20,60.0,5,0
906,1,118.0,2,4
906,13,18.0,11,0
906,155,0.0,21,0
906,817,79.0,3,1
907,3,165.0,1,3
907,825,29.0,10,0
907,18,43.0,8,0
907,4,79.0,4,0
907,822,55.0,7,0
907,807,59.0,6,0
907,8,19.0,12,0
907,818,8.0,14,0
907,826,4.0,15,0
907,815,28.0,11,0
907,16,0.0,17,0
907,821,0.0,20,0
907,820,0.0,21,0
907,824,2.0,16,0
907,154,8.0,13,0
907,813,0.0,19,0
907,828,0.0,18,0
907,20,60.0,5,0
907,1,136.0,2,4
907,13,30.0,9,0
907,155,0.0,22,0
907,817,83.0,3,1
908,3,165.0,1,3
908,825,35.0,9,0
908,18,55.0,8,0
908,4,87.0,4,0
908,822,73.0,5,0
908,807,63.0,7,0
908,8,19.0,12,0
908,818,9.0,13,0
908,826,6.0,15,0
908,815,28.0,11,0
908,16,0.0,17,0
908,821,0.0,20,0
908,820,0.0,21,0
908,824,2.0,16,0
908,154,8.0,14,0
908,813,0.0,19,0
908,828,0.0,18,0
908,20,70.0,6,0
908,1,161.0,2,5
908,13,30.0,10,0
908,155,0.0,22,0
908,817,98.0,3,1
909,3,190.0,1,4
909,825,37.0,9,0
909,18,59.0,8,0
909,4,97.0,4,0
909,822,91.0,5,0
909,807,69.0,7,0
909,8,19.0,12,0
909,818,9.0,13,0
909,826,6.0,15,0
909,815,29.0,11,0
909,16,0.0,17,0
909,821,0.0,20,0
909,820,0.0,21,0
909,824,2.0,16,0
909,154,8.0,14,0
909,813,0.0,19,0
909,828,0.0,18,0
909,20,82.0,6,0
909,1,176.0,2,5
909,13,30.0,10,0
909,155,0.0,22,0
909,817,106.0,3,1
910,3,202.0,1,4
910,825,37.0,10,0
910,18,60.0,8,0
910,4,115.0,4,0
910,822,95.0,5,0
910,807,69.0,7,0
910,8,27.0,12,0
910,818,11.0,13,0
910,826,6.0,15,0
910,815,29.0,11,0
910,16,0.0,17,0
910,821,0.0,20,0
910,820,0.0,21,0
910,824,2.0,16,0
910,154,8.0,14,0
910,813,0.0,19,0
910,828,0.0,18,0
910,20,88.0,6,0
910,1,191.0,2,5
910,13,40.0,9,0
910,155,0.0,22,0
910,817,131.0,3,2
911,3,220.0,1,4
911,825,37.0,11,0
911,18,68.0,8,0
911,4,121.0,4,0
911,822,110.0,5,0
911,807,70.0,7,0
911,8,39.0,10,0
911,818,11.0,13,0
911,826,8.0,15,0
911,815,33.0,12,0
911,16,0.0,17,0
911,821,0.0,20,0
911,820,0.0,21,0
911,824,2.0,16,0
911,154,8.0,14,0
911,813,0.0,19,0
911,828,0.0,18,0
911,20,98.0,6,0
911,1,191.0,2,5
911,13,40.0,9,0
911,155,0.0,22,0
911,817,156.0,3,3
911,827,0.0,23,0
912,3,238.0,1,4
912,825,38.0,12,0
912,18,72.0,7,0
912,4,121.0,5,0
912,822,122.0,4,0
912,807,70.0,8,0
912,8,41.0,10,0
912,818,11.0,13,0
912,826,8.0,15,0
912,815,39.0,11,0
912,16,0.0,17,0
912,821,0.0,20,0
912,820,0.0,21,0
912,824,2.0,16,0
912,154,8.0,14,0
912,813,0.0,19,0
912,828,0.0,18,0
912,20,106.0,6,0
912,1,216.0,2,6
912,13,55.0,9,0
912,155,0.0,22,0
912,817,166.0,3,3
912,827,0.0,23,0
913,3,238.0,2,4
913,825,39.0,12,0
913,18,72.0,7,0
913,4,133.0,4,0
913,822,122.0,6,0
913,807,72.0,8,0
913,8,45.0,11,0
913,818,19.0,13,0
913,826,8.0,15,0
913,815,45.0,10,0
913,16,0.0,17,0
913,821,0.0,20,0
913,820,0.0,21,0
913,824,2.0,16,0
913,154,8.0,14,0
913,813,0.0,19,0
913,828,0.0,18,0
913,20,124.0,5,0
913,1,241.0,1,7
913,13,65.0,9,0
913,155,0.0,22,0
913,817,181.0,3,3
913,827,0.0,23,0
914,3,256.0,2,4
914,825,39.0,12,0
914,18,82.0,7,0
914,4,133.0,5,0
914,822,130.0,6,0
914,807,76.0,8,0
914,8,45.0,11,0
914,818,21.0,13,0
914,826,8.0,15,0
914,815,46.0,10,0
914,16,0.0,17,0
914,821,0.0,20,0
914,820,0.0,21,0
914,824,2.0,16,0
914,154,8.0,14,0
914,813,0.0,19,0
914,828,0.0,18,0
914,20,139.0,4,0
914,1,266.0,1,8
914,13,71.0,9,0
914,155,0.0,22,0
914,817,193.0,3,3
914,827,0.0,23,0
915,3,274.0,2,4
915,825,49.0,10,0
915,18,94.0,7,0
915,4,141.0,6,0
915,822,145.0,4,0
915,807,76.0,8,0
915,8,47.0,12,0
915,818,21.0,13,0
915,826,8.0,15,0
915,815,47.0,11,0
915,16,0.0,17,0
915,821,0.0,20,0
915,820,0.0,21,0
915,824,2.0,16,0
915,154,8.0,14,0
915,813,0.0,19,0
915,828,0.0,18,0
915,20,143.0,5,0
915,1,291.0,1,9
915,13,71.0,9,0
915,155,0.0,22,0
915,817,199.0,3,3
915,827,0.0,23,0
916,3,292.0,2,4
916,825,53.0,10,0
916,18,94.0,7,0
916,4,149.0,6,0
916,822,155.0,4,0
916,807,76.0,9,0
916,8,47.0,12,0
916,818,22.0,13,0
916,826,8.0,15,0
916,815,47.0,11,0
916,16,0.0,18,0
916,821,0.0,20,0
916,820,0.0,21,0
916,824,2.0,17,0
916,154,8.0,14,0
916,813,2.0,16,0
916,828,0.0,19,0
916,20,149.0,5,0
916,1,316.0,1,10
916,13,83.0,8,0
916,155,0.0,22,0
916,817,214.0,3,3
916,827,0.0,23,0
917,3,317.0,2,5
917,825,55.0,10,0
917,18,106.0,7,0
917,4,157.0,5,0
917,822,156.0,6,0
917,807,80.0,9,0
917,8,53.0,11,0
917,818,22.0,13,0
917,826,8.0,15,0
917,815,47.0,12,0
917,16,0.0,18,0
917,821,0.0,20,0
917,820,0.0,21,0
917,824,2.0,17,0
917,154,8.0,14,0
917,813,2.0,16,0
917,828,0.0,19,0
917,20,159.0,4,0
917,1,334.0,1,10
917,13,98.0,8,0
917,155,0.0,22,0
917,817,214.0,3,3
917,827,0.0,23,0
918,3,317.0,2,5
918,825,55.0,11,0
918,18,126.0,8,0
918,4,161.0,6,0
918,822,186.0,4,0
918,807,96.0,9,0
918,8,55.0,12,0
918,818,22.0,13,0
918,826,8.0,15,0
918,815,59.0,10,0
918,16,0.0,18,0
918,821,0.0,20,0
918,820,0.0,21,0
918,824,2.0,17,0
918,154,8.0,14,0
918,813,2.0,16,0
918,828,0.0,19,0
918,20,167.0,5,0
918,1,384.0,1,11
918,13,134.0,7,0
918,155,0.0,22,0
918,817,238.0,3,3
918,827,0.0,24,0
918,829,0.0,23,0
933,3,159.0,2,3
926,822,0.0,18,0
926,826,0.0,16,0
926,154,0.0,14,0
926,8,0.0,12,0
933,1,169.0,1,4
926,825,0.0,17,0
926,813,0.0,15,0
926,830,0.0,13,0
926,18,0.0,11,0
926,815,1.0,10,0
926,832,2.0,9,0
926,828,4.0,8,0
926,807,6.0,7,0
926,817,8.0,6,0
926,831,10.0,5,0
926,13,12.0,4,0
926,20,15.0,3,0
926,3,18.0,2,0
926,1,25.0,1,1
927,1,43.0,1,1
927,3,33.0,3,0
927,20,40.0,2,1
927,13,20.0,4,0
927,831,10.0,6,0
927,817,9.0,8,0
927,807,6.0,9,0
927,828,4.0,12,0
927,832,6.0,11,0
927,815,1.0,14,0
927,18,0.0,16,0
927,8,12.0,5,0
927,830,6.0,10,0
927,154,0.0,15,0
927,813,0.0,18,0
927,826,2.0,13,0
927,825,0.0,19,0
927,822,10.0,7,0
927,833,0.0,17,0
927,4,0.0,20,0
927,829,0.0,21,0
928,1,68.0,1,2
928,3,51.0,3,0
928,20,55.0,2,1
928,13,30.0,4,0
928,831,14.0,7,0
928,817,11.0,8,0
928,807,6.0,10,0
928,828,5.0,13,0
928,832,6.0,12,0
928,815,1.0,15,0
928,18,0.0,16,0
928,8,24.0,5,0
928,830,6.0,11,0
928,154,6.0,9,0
928,813,0.0,20,0
928,826,2.0,14,0
928,825,0.0,21,0
928,822,18.0,6,0
928,833,0.0,18,0
928,4,0.0,17,0
928,829,0.0,19,0
929,1,93.0,1,3
929,3,66.0,2,0
929,20,65.0,3,1
929,13,31.0,5,0
929,831,14.0,8,0
929,817,19.0,7,0
929,807,6.0,10,0
929,828,5.0,14,0
929,832,6.0,12,0
929,815,5.0,13,0
929,18,0.0,17,0
929,8,42.0,4,0
929,830,6.0,11,0
929,154,12.0,9,0
929,813,0.0,20,0
929,826,4.0,15,0
929,825,0.0,21,0
929,822,30.0,6,0
929,833,0.0,18,0
929,4,0.0,16,0
929,829,0.0,19,0
930,1,111.0,1,3
930,3,91.0,2,1
930,20,80.0,3,1
930,13,39.0,6,0
930,831,14.0,9,0
930,817,25.0,7,0
930,807,6.0,12,0
930,828,5.0,14,0
930,832,8.0,10,0
930,815,5.0,13,0
930,18,0.0,17,0
930,8,52.0,4,0
930,830,6.0,11,0
930,154,16.0,8,0
930,813,0.0,20,0
930,826,5.0,15,0
930,825,0.0,21,0
930,822,42.0,5,0
930,833,0.0,18,0
930,4,0.0,16,0
930,829,0.0,19,0
931,1,126.0,1,3
931,3,116.0,2,2
931,20,98.0,3,1
931,13,39.0,6,0
931,831,16.0,9,0
931,817,35.0,7,0
931,807,6.0,13,0
931,828,5.0,15,0
931,832,9.0,12,0
931,815,11.0,11,0
931,18,4.0,16,0
931,8,60.0,4,0
931,830,6.0,14,0
931,154,16.0,10,0
931,813,0.0,20,0
931,826,17.0,8,0
931,825,0.0,21,0
931,822,42.0,5,0
931,833,0.0,18,0
931,4,0.0,17,0
931,829,0.0,19,0
932,1,151.0,1,4
932,3,134.0,2,2
932,20,108.0,3,1
932,13,47.0,6,0
932,831,16.0,10,0
932,817,35.0,7,0
932,807,10.0,12,0
932,828,5.0,16,0
932,832,9.0,13,0
932,815,11.0,11,0
932,18,4.0,17,0
932,8,72.0,4,0
932,830,6.0,14,0
932,154,17.0,9,0
932,813,6.0,15,0
932,826,19.0,8,0
932,825,0.0,21,0
932,822,57.0,5,0
932,833,0.0,19,0
932,4,0.0,18,0
932,829,0.0,20,0
933,20,120.0,3,1
933,13,62.0,6,0
933,831,16.0,11,0
933,817,36.0,7,0
933,807,18.0,9,0
933,828,5.0,16,0
933,832,9.0,15,0
933,815,13.0,12,0
933,18,4.0,17,0
933,8,72.0,4,0
933,830,10.0,14,0
933,154,17.0,10,0
933,813,12.0,13,0
933,826,19.0,8,0
933,825,0.0,21,0
933,822,67.0,5,0
933,833,0.0,19,0
933,4,0.0,18,0
933,829,0.0,20,0
934,1,194.0,1,5
934,3,177.0,2,3
934,20,135.0,3,1
934,13,74.0,6,0
934,831,16.0,11,0
934,817,36.0,7,0
934,807,24.0,9,0
934,828,5.0,16,0
934,832,9.0,15,0
934,815,15.0,12,0
934,18,4.0,17,0
934,8,76.0,5,0
934,830,10.0,14,0
934,154,17.0,10,0
934,813,12.0,13,0
934,826,27.0,8,0
934,825,0.0,21,0
934,822,77.0,4,0
934,833,0.0,19,0
934,4,1.0,18,0
934,829,0.0,20,0
936,1,202.0,1,5
936,3,181.0,2,3
936,20,160.0,3,2
936,13,74.0,6,0
936,831,16.0,12,0
936,817,51.0,7,0
936,807,24.0,9,0
936,828,6.0,18,0
936,832,9.0,16,0
936,815,15.0,13,0
936,18,6.0,17,0
936,8,76.0,5,0
936,830,22.0,11,0
936,154,23.0,10,0
936,813,12.0,14,0
936,826,45.0,8,0
936,825,0.0,21,0
936,822,77.0,4,0
936,833,0.0,19,0
936,4,11.0,15,0
936,829,0.0,20,0
937,1,227.0,1,6
937,3,199.0,2,3
937,20,160.0,3,2
937,13,82.0,5,0
937,831,16.0,13,0
937,817,51.0,8,0
937,807,24.0,12,0
937,828,7.0,17,0
937,832,9.0,16,0
937,815,25.0,11,0
937,18,6.0,18,0
937,8,82.0,4,0
937,830,26.0,10,0
937,154,38.0,9,0
937,813,12.0,14,0
937,826,57.0,7,0
937,825,0.0,21,0
937,822,79.0,6,0
937,833,0.0,19,0
937,4,11.0,15,0
937,829,0.0,20,0
938,1,252.0,1,7
938,3,199.0,2,3
938,20,178.0,3,2
938,13,97.0,4,0
938,831,16.0,13,0
938,817,55.0,8,0
938,807,30.0,11,0
938,828,9.0,17,0
938,832,9.0,16,0
938,815,33.0,10,0
938,18,6.0,18,0
938,8,92.0,5,0
938,830,26.0,12,0
938,154,38.0,9,0
938,813,12.0,14,0
938,826,58.0,7,0
938,825,0.0,21,0
938,822,91.0,6,0
938,833,0.0,19,0
938,4,11.0,15,0
938,829,0.0,20,0
939,1,252.0,1,7
939,3,211.0,2,3
939,20,203.0,3,3
939,13,97.0,6,0
939,831,17.0,13,0
939,817,73.0,7,0
939,807,30.0,12,0
939,828,9.0,17,0
939,832,11.0,16,0
939,815,39.0,9,0
939,18,6.0,18,0
939,8,107.0,4,0
939,830,30.0,11,0
939,154,38.0,10,0
939,813,12.0,14,0
939,826,66.0,8,0
939,825,0.0,22,0
939,822,101.0,5,0
939,833,0.0,19,0
939,4,11.0,15,0
939,829,0.0,20,0
939,834,0.0,21,0
940,834,0.0,21,0
940,829,0.0,20,0
940,4,11.0,16,0
940,822,111.0,5,0
940,826,66.0,8,0
940,813,16.0,14,0
940,154,44.0,9,0
940,830,32.0,12,0
940,832,12.0,15,0
940,828,9.0,17,0
940,831,17.0,13,0
940,3,229.0,2,3
940,825,0.0,22,0
940,807,38.0,11,0
940,815,39.0,10,0
940,18,6.0,18,0
940,8,119.0,4,0
940,13,97.0,6,0
940,833,0.0,19,0
940,817,73.0,7,0
940,20,218.0,3,3
940,1,277.0,1,8
942,3,247.0,3,3
941,834,0.0,21,0
941,825,0.0,22,0
941,822,111.0,5,0
942,831,27.0,13,0
942,13,109.0,6,0
942,20,251.0,2,3
941,829,0.0,20,0
941,4,11.0,16,0
942,1,327.0,1,10
941,833,0.0,19,0
941,826,76.0,7,0
941,813,22.0,14,0
941,154,44.0,10,0
941,830,33.0,12,0
941,8,123.0,4,0
941,18,8.0,18,0
941,815,54.0,9,0
941,832,12.0,15,0
941,828,9.0,17,0
941,807,38.0,11,0
941,817,73.0,8,0
941,831,25.0,13,0
941,13,109.0,6,0
941,20,236.0,2,3
941,3,229.0,3,3
941,1,302.0,1,9
942,817,74.0,8,0
942,807,38.0,12,0
942,828,9.0,18,0
942,832,18.0,15,0
942,815,64.0,9,0
942,18,16.0,16,0
942,8,123.0,4,0
942,830,45.0,10,0
942,154,44.0,11,0
942,813,26.0,14,0
942,826,76.0,7,0
942,825,0.0,22,0
942,822,111.0,5,0
942,833,0.0,19,0
942,4,11.0,17,0
942,829,0.0,21,0
942,834,0.0,20,0
943,1,345.0,1,10
943,3,272.0,2,4
943,20,251.0,3,3
943,13,117.0,6,0
943,831,27.0,13,0
943,817,84.0,8,0
943,807,44.0,12,0
943,828,9.0,18,0
943,832,18.0,15,0
943,815,68.0,9,0
943,18,16.0,16,0
943,8,123.0,5,0
943,830,47.0,10,0
943,154,45.0,11,0
943,813,26.0,14,0
943,826,88.0,7,0
943,825,0.0,22,0
943,822,126.0,4,0
943,833,0.0,19,0
943,4,11.0,17,0
943,829,0.0,21,0
943,834,0.0,20,0
944,1,363.0,1,10
944,3,297.0,2,5
944,20,266.0,3,3
944,13,117.0,6,0
944,831,27.0,13,0
944,817,84.0,8,0
944,807,52.0,10,0
944,828,9.0,18,0
944,832,18.0,15,0
944,815,68.0,9,0
944,18,16.0,16,0
944,8,135.0,5,0
944,830,49.0,12,0
944,154,49.0,11,0
944,813,27.0,14,0
944,826,94.0,7,0
944,825,0.0,22,0
944,822,136.0,4,0
944,833,0.0,19,0
944,4,11.0,17,0
944,829,0.0,21,0
944,834,0.0,20,0
945,1,381.0,1,10
945,3,322.0,2,6
945,20,278.0,3,3
945,13,121.0,6,0
945,831,27.0,13,0
945,817,92.0,8,0
945,807,58.0,10,0
945,828,9.0,18,0
945,832,18.0,15,0
945,815,78.0,9,0
945,18,16.0,16,0
945,8,150.0,4,0
945,830,49.0,12,0
945,154,51.0,11,0
945,813,27.0,14,0
945,826,95.0,7,0
945,825,0.0,22,0
945,822,136.0,5,0
945,833,0.0,19,0
945,4,11.0,17,0
945,829,0.0,21,0
945,834,0.0,20,0
955,1,117.0,2,2
955,3,141.0,1,5
948,4,0.0,21,0
948,828,0.0,17,0
948,831,0.0,15,0
948,815,0.0,13,0
948,835,0.0,11,0
948,3,25.0,1,1
948,837,0.0,19,0
948,826,0.0,22,0
948,821,0.0,20,0
948,8,0.0,18,0
948,836,0.0,16,0
948,18,0.0,14,0
948,825,0.0,12,0
948,830,1.0,10,0
948,832,2.0,9,0
948,822,4.0,8,0
948,807,6.0,7,0
948,154,8.0,6,0
948,13,10.0,5,0
948,817,12.0,4,0
948,20,15.0,3,0
948,1,18.0,2,0
949,3,50.0,1,2
949,1,33.0,2,0
949,20,15.0,6,0
949,817,24.0,3,0
949,13,14.0,7,0
949,154,18.0,5,0
949,807,6.0,9,0
949,822,6.0,11,0
949,832,2.0,12,0
949,830,9.0,8,0
949,835,0.0,15,0
949,825,0.0,14,0
949,815,0.0,17,0
949,18,0.0,20,0
949,831,0.0,19,0
949,836,0.0,18,0
949,828,0.0,16,0
949,8,18.0,4,0
949,837,0.0,21,0
949,821,0.0,22,0
949,4,0.0,23,0
949,826,6.0,10,0
949,838,1.0,13,0
950,3,75.0,1,3
950,1,39.0,2,0
950,20,33.0,4,0
950,817,36.0,3,0
950,13,22.0,6,0
950,154,18.0,8,0
950,807,6.0,11,0
950,822,7.0,10,0
950,832,4.0,12,0
950,830,13.0,9,0
950,835,0.0,16,0
950,825,0.0,14,0
950,815,0.0,15,0
950,18,0.0,19,0
950,831,0.0,21,0
950,836,0.0,20,0
950,828,0.0,17,0
950,8,28.0,5,0
950,837,0.0,23,0
950,821,0.0,22,0
950,4,0.0,18,0
950,826,21.0,7,0
950,838,1.0,13,0
951,3,100.0,1,4
951,1,57.0,2,0
951,20,33.0,5,0
951,817,36.0,4,0
951,13,32.0,6,0
951,154,22.0,7,0
951,807,6.0,13,0
951,822,19.0,9,0
951,832,4.0,14,0
951,830,13.0,10,0
951,835,0.0,18,0
951,825,6.0,12,0
951,815,2.0,15,0
951,18,1.0,16,0
951,831,0.0,21,0
951,836,0.0,20,0
951,828,0.0,19,0
951,8,43.0,3,0
951,837,0.0,23,0
951,821,0.0,22,0
951,4,8.0,11,0
951,826,21.0,8,0
951,838,1.0,17,0
952,3,100.0,1,4
952,1,57.0,3,0
952,20,48.0,4,0
952,817,48.0,5,0
952,13,36.0,7,0
952,154,22.0,10,0
952,807,6.0,15,0
952,822,29.0,8,0
952,832,12.0,11,0
952,830,38.0,6,1
952,835,0.0,18,0
952,825,6.0,14,0
952,815,8.0,13,0
952,18,3.0,16,0
952,831,0.0,22,0
952,836,0.0,21,0
952,828,0.0,20,0
952,8,61.0,2,0
952,837,0.0,23,0
952,821,0.0,19,0
952,4,8.0,12,0
952,826,22.0,9,0
952,838,1.0,17,0
953,3,106.0,1,4
953,1,82.0,2,1
953,20,60.0,5,0
953,817,66.0,3,0
953,13,37.0,7,0
953,154,22.0,11,0
953,807,14.0,14,0
953,822,29.0,8,0
953,832,16.0,13,0
953,830,38.0,6,1
953,835,0.0,19,0
953,825,6.0,15,0
953,815,23.0,9,0
953,18,5.0,16,0
953,831,0.0,22,0
953,836,0.0,21,0
953,828,0.0,20,0
953,8,61.0,4,0
953,837,0.0,23,0
953,821,0.0,18,0
953,4,18.0,12,0
953,826,22.0,10,0
953,838,1.0,17,0
954,3,116.0,1,4
954,1,107.0,2,2
954,20,78.0,3,0
954,817,72.0,4,0
954,13,37.0,8,0
954,154,22.0,11,0
954,807,18.0,13,0
954,822,44.0,7,0
954,832,18.0,14,0
954,830,50.0,6,1
954,835,0.0,19,0
954,825,6.0,15,0
954,815,24.0,9,0
954,18,5.0,16,0
954,831,0.0,22,0
954,836,0.0,21,0
954,828,0.0,20,0
954,8,69.0,5,0
954,837,0.0,23,0
954,821,0.0,18,0
954,4,18.0,12,0
954,826,22.0,10,0
954,838,1.0,17,0
955,20,96.0,3,0
955,817,78.0,5,0
955,13,38.0,9,0
955,154,22.0,11,0
955,807,20.0,12,0
955,822,52.0,7,0
955,832,18.0,14,0
955,830,54.0,6,1
955,835,0.0,19,0
955,825,6.0,15,0
955,815,39.0,8,0
955,18,5.0,16,0
955,831,0.0,21,0
955,836,0.0,22,0
955,828,0.0,20,0
955,8,81.0,4,0
955,837,0.0,23,0
955,821,0.0,18,0
955,4,18.0,13,0
955,826,22.0,10,0
955,838,1.0,17,0
956,3,153.0,1,5
956,1,142.0,2,3
956,20,96.0,3,0
956,817,88.0,5,0
956,13,38.0,9,0
956,154,28.0,10,0
956,807,20.0,13,0
956,822,54.0,7,0
956,832,22.0,12,0
956,830,72.0,6,1
956,835,0.0,20,0
956,825,6.0,16,0
956,815,39.0,8,0
956,18,13.0,15,0
956,831,0.0,22,0
956,836,1.0,17,0
956,828,0.0,21,0
956,8,96.0,4,0
956,837,0.0,23,0
956,821,0.0,19,0
956,4,18.0,14,0
956,826,22.0,11,0
956,838,1.0,18,0
957,3,168.0,1,5
957,1,167.0,2,4
957,20,98.0,5,0
957,817,100.0,4,0
957,13,38.0,9,0
957,154,28.0,10,0
957,807,26.0,11,0
957,822,54.0,7,0
957,832,26.0,12,0
957,830,90.0,6,1
957,835,0.0,20,0
957,825,6.0,16,0
957,815,47.0,8,0
957,18,13.0,15,0
957,831,0.0,22,0
957,836,1.0,17,0
957,828,0.0,21,0
957,8,106.0,3,0
957,837,0.0,23,0
957,821,0.0,19,0
957,4,18.0,14,0
957,826,23.0,13,0
957,838,1.0,18,0
958,3,186.0,2,5
958,1,192.0,1,5
958,20,110.0,5,0
958,817,115.0,3,0
958,13,38.0,9,0
958,154,28.0,11,0
958,807,27.0,12,0
958,822,56.0,7,0
958,832,30.0,10,0
958,830,100.0,6,1
958,835,0.0,20,0
958,825,6.0,16,0
958,815,47.0,8,0
958,18,13.0,15,0
958,831,0.0,22,0
958,836,1.0,17,0
958,828,0.0,21,0
958,8,114.0,4,0
958,837,0.0,23,0
958,821,0.0,19,0
958,4,24.0,13,0
958,826,23.0,14,0
958,838,1.0,18,0
959,3,198.0,2,5
959,1,217.0,1,6
959,20,120.0,5,0
959,817,133.0,3,0
959,13,38.0,9,0
959,154,28.0,12,0
959,807,33.0,10,0
959,822,58.0,7,0
959,832,30.0,11,0
959,830,115.0,6,1
959,835,0.0,20,0
959,825,6.0,16,0
959,815,48.0,8,0
959,18,17.0,15,0
959,831,0.0,22,0
959,836,1.0,17,0
959,828,0.0,21,0
959,8,122.0,4,0
959,837,0.0,23,0
959,821,0.0,19,0
959,4,24.0,13,0
959,826,23.0,14,0
959,838,1.0,18,0
960,3,223.0,2,6
960,1,232.0,1,6
960,20,128.0,4,0
960,817,151.0,3,0
960,13,39.0,10,0
960,154,28.0,13,0
960,807,45.0,9,0
960,822,62.0,7,0
960,832,30.0,12,0
960,830,115.0,6,1
960,835,0.0,20,0
960,825,6.0,16,0
960,815,58.0,8,0
960,18,17.0,15,0
960,831,0.0,22,0
960,836,1.0,17,0
960,828,0.0,21,0
960,8,124.0,5,0
960,837,0.0,23,0
960,821,0.0,19,0
960,4,30.0,11,0
960,826,23.0,14,0
960,838,1.0,18,0
960,839,0.0,24,0
961,3,248.0,2,7
961,1,250.0,1,6
961,20,143.0,4,0
961,817,161.0,3,0
961,13,41.0,10,0
961,154,28.0,13,0
961,807,46.0,9,0
961,822,70.0,7,0
961,832,30.0,12,0
961,830,121.0,6,1
961,835,0.0,20,0
961,825,6.0,16,0
961,815,62.0,8,0
961,18,17.0,15,0
961,831,0.0,22,0
961,836,1.0,17,0
961,828,0.0,21,0
961,8,136.0,5,0
961,837,0.0,23,0
961,821,0.0,19,0
961,4,30.0,11,0
961,826,23.0,14,0
961,838,1.0,18,0
961,839,0.0,24,0
962,3,273.0,1,8
962,1,265.0,2,6
962,20,153.0,4,0
962,817,179.0,3,0
962,13,41.0,10,0
962,154,28.0,13,0
962,807,46.0,9,0
962,822,70.0,7,0
962,832,30.0,12,0
962,830,129.0,6,1
962,835,0.0,20,0
962,825,7.0,16,0
962,815,66.0,8,0
962,18,17.0,15,0
962,831,0.0,22,0
962,836,1.0,17,0
962,828,0.0,21,0
962,8,148.0,5,0
962,837,0.0,23,0
962,821,0.0,19,0
962,4,36.0,11,0
962,826,25.0,14,0
962,838,1.0,18,0
962,839,0.0,24,0
963,3,288.0,1,8
963,1,265.0,2,6
963,20,153.0,5,0
963,817,204.0,3,1
963,13,41.0,11,0
963,154,28.0,13,0
963,807,50.0,9,0
963,822,80.0,7,0
963,832,30.0,12,0
963,830,147.0,6,1
963,835,1.0,17,0
963,825,7.0,16,0
963,815,74.0,8,0
963,18,19.0,15,0
963,831,0.0,22,0
963,836,1.0,18,0
963,828,0.0,21,0
963,8,160.0,4,0
963,837,0.0,23,0
963,821,0.0,20,0
963,4,42.0,10,0
963,826,25.0,14,0
963,838,1.0,19,0
963,839,0.0,24,0
964,3,313.0,1,9
964,1,280.0,2,6
964,20,165.0,6,0
964,817,212.0,3,1
964,13,43.0,10,0
964,154,28.0,13,0
964,807,54.0,9,0
964,822,81.0,7,0
964,832,30.0,12,0
964,830,165.0,5,1
964,835,1.0,17,0
964,825,7.0,16,0
964,815,80.0,8,0
964,18,19.0,15,0
964,831,0.0,22,0
964,836,1.0,18,0
964,828,0.0,21,0
964,8,170.0,4,0
964,837,0.0,23,0
964,821,0.0,20,0
964,4,42.0,11,0
964,826,25.0,14,0
964,838,1.0,19,0
964,839,0.0,24,0
965,839,0.0,24,0
965,838,1.0,19,0
965,826,25.0,14,0
965,4,52.0,10,0
965,837,0.0,23,0
965,8,170.0,5,0
965,828,0.0,21,0
965,836,1.0,18,0
965,18,21.0,15,0
965,815,84.0,7,0
965,825,7.0,16,0
965,830,165.0,6,1
965,832,38.0,12,0
965,807,54.0,9,0
965,817,227.0,3,1
965,835,1.0,17,0
965,831,0.0,22,0
965,822,81.0,8,0
965,821,0.0,20,0
965,13,49.0,11,0
965,154,29.0,13,0
965,1,305.0,2,7
965,20,177.0,4,0
965,3,331.0,1,9
966,837,0.0,23,0
966,836,1.0,18,0
966,18,21.0,15,0
967,20,197.0,4,0
967,1,355.0,2,9
967,3,367.0,1,9
966,839,0.0,24,0
966,838,1.0,19,0
966,826,25.0,14,0
966,4,52.0,10,0
966,821,0.0,20,0
966,8,178.0,5,0
966,828,0.0,21,0
966,831,0.0,22,0
966,835,1.0,17,0
966,825,7.0,16,0
966,815,85.0,7,0
966,830,177.0,6,1
966,832,38.0,12,0
966,822,85.0,8,0
966,807,60.0,9,0
966,154,29.0,13,0
966,13,51.0,11,0
966,817,242.0,3,1
966,20,187.0,4,0
966,3,349.0,1,9
966,1,330.0,2,8
967,817,246.0,3,1
967,13,51.0,11,0
967,154,29.0,13,0
967,807,66.0,9,0
967,822,85.0,8,0
967,832,46.0,12,0
967,830,192.0,5,1
967,835,1.0,18,0
967,825,7.0,16,0
967,815,97.0,7,0
967,18,21.0,15,0
967,831,2.0,17,0
967,836,1.0,19,0
967,828,0.0,22,0
967,8,178.0,6,0
967,837,0.0,24,0
967,821,0.0,21,0
967,4,53.0,10,0
967,826,25.0,14,0
967,838,1.0,20,0
967,839,0.0,23,0
968,3,385.0,1,9
968,1,380.0,2,10
968,20,212.0,4,0
968,817,256.0,3,1
968,13,53.0,11,0
968,154,29.0,13,0
968,807,72.0,9,0
968,822,85.0,8,0
968,832,46.0,12,0
968,830,204.0,5,1
968,835,1.0,18,0
968,825,7.0,16,0
968,815,101.0,7,0
968,18,21.0,15,0
968,831,2.0,17,0
968,836,1.0,19,0
968,828,0.0,22,0
968,8,186.0,6,0
968,837,0.0,24,0
968,821,0.0,21,0
968,4,54.0,10,0
968,826,25.0,14,0
968,838,1.0,20,0
968,839,0.0,23,0
969,13,8.0,6,0
969,815,6.0,7,0
969,832,4.0,8,0
969,826,2.0,9,0
969,839,1.0,10,0
969,807,0.0,11,0
969,841,0.0,12,0
969,838,0.0,13,0
969,4,0.0,14,0
969,825,0.0,15,0
969,840,0.0,16,0
969,817,0.0,17,0
969,828,0.0,18,0
969,835,0.0,19,0
969,154,0.0,20,0
970,20,43.0,1,1
970,1,43.0,2,1
970,822,23.0,4,0
970,8,22.0,5,0
970,830,25.0,3,0
970,13,8.0,8,0
970,815,8.0,9,0
970,832,10.0,7,0
970,826,2.0,11,0
970,839,2.0,12,0
970,807,0.0,13,0
970,841,0.0,15,0
970,838,0.0,16,0
970,4,0.0,19,0
970,825,4.0,10,0
970,840,0.0,20,0
970,817,12.0,6,0
970,828,0.0,18,0
970,835,0.0,17,0
970,154,0.0,14,0
971,20,68.0,1,2
971,1,61.0,2,1
971,822,38.0,3,0
971,8,34.0,4,0
971,830,25.0,5,0
971,13,16.0,7,0
971,815,14.0,8,0
971,832,10.0,9,0
971,826,2.0,14,0
971,839,3.0,12,0
971,807,2.0,13,0
971,841,0.0,16,0
971,838,0.0,18,0
971,4,0.0,19,0
971,825,4.0,11,0
971,840,0.0,21,0
971,817,22.0,6,0
971,828,0.0,20,0
971,835,0.0,17,0
971,154,4.0,10,0
971,836,0.0,15,0
972,20,86.0,1,2
972,1,73.0,2,1
972,822,63.0,3,1
972,8,49.0,4,0
972,830,35.0,5,0
972,13,18.0,8,0
972,815,22.0,7,0
972,832,11.0,9,0
972,826,2.0,14,0
972,839,9.0,10,0
972,807,6.0,11,0
972,841,0.0,17,0
972,838,0.0,19,0
972,4,0.0,20,0
972,825,4.0,13,0
972,840,0.0,16,0
972,817,22.0,6,0
972,828,0.0,21,0
972,835,0.0,18,0
972,154,4.0,12,0
972,836,0.0,15,0
973,20,104.0,1,2
973,1,98.0,2,2
973,822,63.0,3,1
973,8,49.0,4,0
973,830,35.0,6,0
973,13,18.0,9,0
973,815,34.0,7,0
973,832,17.0,10,0
973,826,4.0,15,0
973,839,19.0,8,0
973,807,14.0,11,0
973,841,0.0,19,0
973,838,0.0,21,0
973,4,0.0,18,0
973,825,4.0,14,0
973,840,0.0,17,0
973,817,37.0,5,0
973,828,0.0,16,0
973,835,0.0,20,0
973,154,5.0,12,0
973,836,4.0,13,0
974,20,129.0,1,3
974,1,104.0,2,2
974,822,75.0,3,1
974,8,67.0,4,0
974,830,45.0,6,0
974,13,20.0,9,0
974,815,34.0,7,0
974,832,25.0,8,0
974,826,4.0,15,0
974,839,19.0,10,0
974,807,14.0,11,0
974,841,0.0,20,0
974,838,0.0,21,0
974,4,0.0,19,0
974,825,5.0,13,0
974,840,0.0,18,0
974,817,52.0,5,0
974,828,0.0,17,0
974,835,0.0,16,0
974,154,9.0,12,0
974,836,4.0,14,0
974,18,0.0,22,0
975,20,141.0,1,3
975,1,129.0,2,3
975,822,93.0,3,1
975,8,73.0,4,0
975,830,45.0,6,0
975,13,20.0,10,0
975,815,44.0,7,0
975,832,25.0,9,0
975,826,4.0,15,0
975,839,27.0,8,0
975,807,18.0,11,0
975,841,0.0,20,0
975,838,0.0,21,0
975,4,0.0,19,0
975,825,5.0,13,0
975,840,2.0,16,0
975,817,67.0,5,0
975,828,0.0,18,0
975,835,0.0,17,0
975,154,10.0,12,0
975,836,4.0,14,0
975,18,0.0,22,0
976,20,153.0,1,3
976,1,139.0,2,3
976,822,111.0,3,1
976,8,73.0,5,0
976,830,45.0,6,0
976,13,20.0,10,0
976,815,44.0,7,0
976,832,29.0,9,0
976,826,4.0,16,0
976,839,35.0,8,0
976,807,18.0,11,0
976,841,0.0,21,0
976,838,0.0,20,0
976,4,2.0,17,0
976,825,11.0,13,0
976,840,17.0,12,0
976,817,92.0,4,1
976,828,0.0,19,0
976,835,0.0,18,0
976,154,10.0,14,0
976,836,5.0,15,0
976,18,0.0,22,0
977,20,171.0,1,3
977,1,151.0,2,3
977,822,136.0,3,2
977,8,83.0,5,0
977,830,45.0,7,0
977,13,22.0,10,0
977,815,50.0,6,0
977,832,29.0,9,0
977,826,4.0,16,0
977,839,39.0,8,0
977,807,18.0,12,0
977,841,0.0,21,0
977,838,0.0,20,0
977,4,2.0,17,0
977,825,11.0,14,0
977,840,18.0,11,0
977,817,107.0,4,1
977,828,0.0,19,0
977,835,0.0,18,0
977,154,18.0,13,0
977,836,5.0,15,0
977,18,0.0,22,0
978,20,177.0,1,3
978,1,176.0,2,4
978,822,154.0,3,2
978,8,98.0,5,0
978,830,57.0,6,0
978,13,23.0,11,0
978,815,52.0,7,0
978,832,29.0,9,0
978,826,4.0,16,0
978,839,43.0,8,0
978,807,26.0,10,0
978,841,0.0,21,0
978,838,0.0,20,0
978,4,2.0,17,0
978,825,11.0,14,0
978,840,18.0,12,0
978,817,117.0,4,1
978,828,0.0,19,0
978,835,0.0,18,0
978,154,18.0,13,0
978,836,5.0,15,0
978,18,0.0,22,0
979,20,202.0,1,4
979,1,188.0,2,4
979,822,169.0,3,2
979,8,116.0,5,0
979,830,67.0,6,0
979,13,23.0,11,0
979,815,56.0,7,0
979,832,35.0,9,0
979,826,4.0,17,0
979,839,45.0,8,0
979,807,26.0,10,0
979,841,0.0,21,0
979,838,1.0,18,0
979,4,10.0,15,0
979,825,11.0,14,0
979,840,18.0,12,0
979,817,117.0,4,1
979,828,0.0,20,0
979,835,0.0,19,0
979,154,18.0,13,0
979,836,5.0,16,0
979,18,0.0,22,0
980,20,220.0,1,4
980,1,213.0,2,5
980,822,179.0,3,2
980,8,128.0,5,0
980,830,67.0,6,0
980,13,27.0,11,0
980,815,56.0,7,0
980,832,36.0,9,0
980,826,4.0,17,0
980,839,47.0,8,0
980,807,34.0,10,0
980,841,0.0,21,0
980,838,1.0,18,0
980,4,10.0,15,0
980,825,11.0,14,0
980,840,18.0,13,0
980,817,132.0,4,1
980,828,0.0,20,0
980,835,0.0,19,0
980,154,24.0,12,0
980,836,5.0,16,0
980,18,0.0,22,0
981,20,235.0,2,4
981,1,238.0,1,6
981,822,197.0,3,2
981,8,138.0,5,0
981,830,68.0,6,0
981,13,31.0,11,0
981,815,58.0,7,0
981,832,36.0,9,0
981,826,4.0,17,0
981,839,55.0,8,0
981,807,34.0,10,0
981,841,0.0,21,0
981,838,1.0,18,0
981,4,10.0,15,0
981,825,11.0,14,0
981,840,24.0,12,0
981,817,144.0,4,1
981,828,0.0,20,0
981,835,0.0,19,0
981,154,24.0,13,0
981,836,5.0,16,0
981,18,0.0,22,0
982,20,235.0,2,4
982,1,263.0,1,7
982,822,212.0,3,2
982,8,138.0,5,0
982,830,68.0,6,0
982,13,31.0,11,0
982,815,68.0,7,0
982,832,48.0,9,0
982,826,4.0,19,0
982,839,56.0,8,0
982,807,34.0,10,0
982,841,0.0,21,0
982,838,7.0,17,0
982,4,10.0,15,0
982,825,11.0,14,0
982,840,28.0,12,0
982,817,162.0,4,1
982,828,0.0,20,0
982,835,8.0,16,0
982,154,26.0,13,0
982,836,5.0,18,0
982,18,0.0,22,0
983,20,247.0,2,4
983,1,281.0,1,7
983,822,222.0,3,2
983,8,138.0,5,0
983,830,93.0,6,1
983,13,33.0,11,0
983,815,76.0,7,0
983,832,48.0,9,0
983,826,4.0,19,0
983,839,57.0,8,0
983,807,34.0,10,0
983,841,0.0,21,0
983,838,13.0,14,0
983,4,10.0,16,0
983,825,11.0,15,0
983,840,32.0,12,0
983,817,177.0,4,1
983,828,0.0,20,0
983,835,8.0,17,0
983,154,26.0,13,0
983,836,5.0,18,0
983,18,0.0,23,0
983,842,0.0,22,0
984,20,247.0,2,4
984,1,306.0,1,8
984,822,234.0,3,2
984,8,148.0,5,0
984,830,111.0,6,1
984,13,34.0,11,0
984,815,82.0,7,0
984,832,48.0,9,0
984,826,4.0,19,0
984,839,65.0,8,0
984,807,34.0,10,0
984,841,0.0,21,0
984,838,13.0,15,0
984,4,10.0,16,0
984,825,15.0,14,0
984,840,32.0,12,0
984,817,192.0,4,1
984,828,0.0,20,0
984,835,8.0,17,0
984,154,28.0,13,0
984,836,5.0,18,0
984,18,0.0,23,0
984,842,0.0,22,0
985,20,265.0,2,4
985,1,331.0,1,9
985,822,244.0,3,2
985,8,163.0,5,0
985,830,123.0,6,1
985,13,36.0,10,0
985,815,86.0,7,0
985,832,54.0,9,0
985,826,5.0,19,0
985,839,73.0,8,0
985,807,34.0,11,0
985,841,0.0,21,0
985,838,13.0,15,0
985,4,10.0,16,0
985,825,15.0,14,0
985,840,32.0,12,0
985,817,192.0,4,1
985,828,0.0,20,0
985,835,8.0,17,0
985,154,28.0,13,0
985,836,5.0,18,0
985,18,0.0,24,0
985,842,0.0,22,0
985,843,0.0,23,0
986,20,277.0,2,4
986,1,333.0,1,9
986,822,262.0,3,2
986,8,178.0,5,0
986,830,148.0,6,2
986,13,36.0,11,0
986,815,92.0,7,0
986,832,54.0,9,0
986,826,5.0,19,0
986,839,83.0,8,0
986,807,34.0,12,0
986,841,0.0,21,0
986,838,13.0,15,0
986,4,11.0,16,0
986,825,19.0,14,0
986,840,40.0,10,0
986,817,192.0,4,1
986,828,0.0,20,0
986,835,8.0,17,0
986,154,28.0,13,0
986,836,5.0,18,0
986,18,0.0,24,0
986,842,0.0,22,0
986,843,0.0,23,0
987,20,302.0,2,5
987,1,345.0,1,9
987,822,280.0,3,2
987,8,193.0,5,0
987,830,158.0,6,2
987,13,42.0,10,0
987,815,94.0,7,0
987,832,54.0,9,0
987,826,5.0,19,0
987,839,83.0,8,0
987,807,35.0,12,0
987,841,0.0,22,0
987,838,13.0,16,0
987,4,15.0,15,0
987,825,19.0,14,0
987,840,40.0,11,0
987,817,200.0,4,1
987,828,0.0,20,0
987,835,8.0,17,0
987,154,28.0,13,0
987,836,5.0,18,0
987,18,0.0,24,0
987,842,0.0,21,0
987,843,0.0,23,0
988,20,317.0,2,5
988,1,363.0,1,9
988,822,305.0,3,3
988,8,205.0,4,0
988,830,168.0,6,2
988,13,43.0,11,0
988,815,100.0,7,0
988,832,54.0,9,0
988,826,5.0,19,0
988,839,87.0,8,0
988,807,43.0,10,0
988,841,0.0,22,0
988,838,13.0,16,0
988,4,17.0,15,0
988,825,19.0,14,0
988,840,40.0,12,0
988,817,200.0,5,1
988,828,0.0,20,0
988,835,8.0,17,0
988,154,28.0,13,0
988,836,5.0,18,0
988,18,0.0,24,0
988,842,0.0,21,0
988,843,0.0,23,0
989,20,25.0,1,1
989,1,18.0,2,0
989,8,15.0,3,0
989,817,12.0,4,0
989,4,10.0,5,0
989,830,8.0,6,0
989,807,6.0,7,0
989,822,4.0,8,0
989,838,2.0,9,0
989,832,1.0,10,0
989,815,0.0,11,0
989,839,0.0,12,0
989,844,0.0,13,0
989,840,0.0,14,0
989,843,0.0,15,0
989,154,0.0,16,0
989,825,0.0,17,0
989,842,0.0,18,0
989,828,0.0,19,0
989,845,0.0,20,0
990,845,0.0,20,0
990,4,16.0,4,0
990,830,8.0,10,0
990,825,10.0,9,0
990,844,0.0,16,0
992,20,66.0,2,2
990,828,2.0,12,0
990,842,12.0,7,0
990,8,15.0,5,0
990,154,0.0,17,0
990,840,0.0,18,0
990,843,0.0,19,0
990,839,1.0,14,0
990,815,0.0,15,0
990,832,1.0,13,0
990,838,6.0,11,0
990,822,22.0,3,0
990,807,14.0,6,0
990,817,12.0,8,0
990,20,50.0,1,2
990,1,33.0,2,0
991,20,54.0,1,2
991,1,45.0,2,0
991,8,30.0,5,0
991,817,37.0,4,1
991,4,22.0,6,0
991,830,18.0,8,0
991,807,22.0,7,0
991,822,40.0,3,0
991,838,6.0,11,0
991,832,3.0,12,0
991,815,0.0,15,0
991,839,1.0,14,0
991,844,0.0,16,0
991,840,0.0,18,0
991,843,0.0,20,0
991,154,0.0,17,0
991,825,11.0,10,0
991,842,12.0,9,0
991,828,2.0,13,0
991,845,0.0,19,0
992,1,70.0,1,1
992,8,48.0,3,0
992,817,37.0,5,1
992,4,28.0,6,0
992,830,18.0,8,0
992,807,22.0,7,0
992,822,40.0,4,0
992,838,8.0,14,0
992,832,13.0,10,0
992,815,15.0,9,0
992,839,1.0,17,0
992,844,8.0,13,0
992,840,4.0,15,0
992,843,1.0,18,0
992,154,0.0,19,0
992,825,11.0,12,0
992,842,12.0,11,0
992,828,2.0,16,0
992,845,0.0,20,0
993,20,78.0,2,2
993,1,95.0,1,2
993,8,48.0,4,0
993,817,47.0,5,1
993,4,32.0,7,0
993,830,33.0,6,0
993,807,22.0,8,0
993,822,58.0,3,0
993,838,8.0,14,0
993,832,19.0,10,0
993,815,17.0,11,0
993,839,1.0,17,0
993,844,9.0,13,0
993,840,4.0,15,0
993,843,1.0,18,0
993,154,0.0,19,0
993,825,19.0,9,0
993,842,12.0,12,0
993,828,2.0,16,0
993,845,0.0,20,0
994,20,96.0,2,2
994,1,110.0,1,2
994,8,60.0,5,0
994,817,72.0,3,2
994,4,32.0,7,0
994,830,35.0,6,0
994,807,26.0,8,0
994,822,68.0,4,0
994,838,8.0,15,0
994,832,20.0,9,0
994,815,17.0,12,0
994,839,9.0,13,0
994,844,9.0,14,0
994,840,4.0,16,0
994,843,1.0,18,0
994,154,0.0,19,0
994,825,19.0,10,0
994,842,18.0,11,0
994,828,2.0,17,0
994,845,0.0,20,0
995,20,121.0,1,3
995,1,120.0,2,2
995,8,68.0,5,0
995,817,84.0,4,2
995,4,32.0,7,0
995,830,50.0,6,0
995,807,32.0,8,0
995,822,86.0,3,0
995,838,8.0,15,0
995,832,24.0,9,0
995,815,17.0,12,0
995,839,11.0,13,0
995,844,10.0,14,0
995,840,4.0,16,0
995,843,1.0,18,0
995,154,0.0,19,0
995,825,19.0,10,0
995,842,18.0,11,0
995,828,2.0,17,0
995,845,0.0,20,0
996,20,131.0,2,3
996,1,145.0,1,3
996,8,83.0,5,0
996,817,96.0,3,2
996,4,32.0,8,0
996,830,68.0,6,0
996,807,34.0,7,0
996,822,92.0,4,0
996,838,8.0,15,0
996,832,28.0,9,0
996,815,17.0,12,0
996,839,11.0,13,0
996,844,11.0,14,0
996,840,4.0,16,0
996,843,1.0,18,0
996,154,0.0,19,0
996,825,27.0,10,0
996,842,18.0,11,0
996,828,2.0,17,0
996,845,0.0,20,0
997,20,146.0,1,3
997,1,145.0,2,3
997,8,101.0,3,0
997,817,96.0,4,2
997,4,36.0,8,0
997,830,93.0,5,1
997,807,34.0,9,0
997,822,92.0,6,0
997,838,8.0,16,0
997,832,28.0,10,0
997,815,23.0,11,0
997,839,19.0,12,0
997,844,13.0,14,0
997,840,4.0,17,0
997,843,1.0,19,0
997,154,12.0,15,0
997,825,37.0,7,0
997,842,18.0,13,0
997,828,3.0,18,0
997,845,0.0,20,0
998,20,171.0,1,4
998,1,163.0,2,3
998,8,116.0,3,0
998,817,106.0,4,2
998,4,40.0,8,0
998,830,93.0,6,1
998,807,42.0,7,0
998,822,104.0,5,0
998,838,8.0,16,0
998,832,28.0,10,0
998,815,24.0,12,0
998,839,25.0,11,0
998,844,13.0,14,0
998,840,4.0,17,0
998,843,1.0,19,0
998,154,12.0,15,0
998,825,39.0,9,0
998,842,18.0,13,0
998,828,3.0,18,0
998,845,0.0,20,0
999,20,171.0,2,4
999,1,188.0,1,4
999,8,131.0,3,0
999,817,106.0,5,2
999,4,40.0,8,0
999,830,105.0,6,1
999,807,52.0,7,0
999,822,122.0,4,0
999,838,8.0,16,0
999,832,28.0,12,0
999,815,30.0,10,0
999,839,29.0,11,0
999,844,13.0,15,0
999,840,4.0,18,0
999,843,2.0,19,0
999,154,20.0,13,0
999,825,39.0,9,0
999,842,18.0,14,0
999,828,5.0,17,0
999,845,0.0,20,0
1000,20,189.0,2,4
1000,1,213.0,1,5
1000,8,146.0,3,0
1000,817,118.0,5,2
1000,4,44.0,9,0
1000,830,105.0,6,1
1000,807,52.0,7,0
1000,822,132.0,4,0
1000,838,8.0,16,0
1000,832,30.0,11,0
1000,815,30.0,10,0
1000,839,29.0,12,0
1000,844,13.0,15,0
1000,840,4.0,18,0
1000,843,2.0,19,0
1000,154,21.0,14,0
1000,825,45.0,8,0
1000,842,26.0,13,0
1000,828,5.0,17,0
1000,845,0.0,20,0
1001,20,214.0,2,5
1001,1,231.0,1,5
1001,8,146.0,3,0
1001,817,118.0,6,2
1001,4,44.0,9,0
1001,830,120.0,5,1
1001,807,52.0,7,0
1001,822,144.0,4,0
1001,838,8.0,16,0
1001,832,30.0,12,0
1001,815,40.0,10,0
1001,839,37.0,11,0
1001,844,13.0,15,0
1001,840,4.0,18,0
1001,843,2.0,19,0
1001,154,27.0,14,0
1001,825,49.0,8,0
1001,842,28.0,13,0
1001,828,6.0,17,0
1001,845,0.0,20,0
1002,843,2.0,19,0
1002,842,28.0,13,0
1002,832,34.0,12,0
1002,845,1.0,20,0
1002,822,159.0,4,0
1002,828,6.0,18,0
1002,817,118.0,6,2
1002,825,49.0,8,0
1002,154,27.0,14,0
1002,840,6.0,17,0
1002,839,45.0,10,0
1002,844,13.0,15,0
1002,815,46.0,9,0
1002,838,8.0,16,0
1002,807,52.0,7,0
1002,830,130.0,5,1
1002,4,44.0,11,0
1002,20,226.0,2,5
1002,1,256.0,1,6
1002,8,164.0,3,0
1003,20,241.0,2,5
1003,1,281.0,1,7
1003,8,174.0,3,0
1003,817,126.0,6,2
1003,4,50.0,8,0
1003,830,148.0,5,1
1003,807,53.0,7,0
1003,822,171.0,4,0
1003,838,8.0,16,0
1003,832,38.0,12,0
1003,815,46.0,10,0
1003,839,45.0,11,0
1003,844,15.0,15,0
1003,840,6.0,17,0
1003,843,2.0,19,0
1003,154,27.0,14,0
1003,825,49.0,9,0
1003,842,28.0,13,0
1003,828,6.0,18,0
1003,845,1.0,20,0
1004,20,256.0,2,5
1004,1,306.0,1,8
1004,8,186.0,4,0
1004,817,134.0,6,2
1004,4,50.0,9,0
1004,830,158.0,5,1
1004,807,53.0,8,0
1004,822,189.0,3,0
1004,838,8.0,16,0
1004,832,38.0,12,0
1004,815,47.0,10,0
1004,839,47.0,11,0
1004,844,21.0,15,0
1004,840,6.0,17,0
1004,843,2.0,19,0
1004,154,27.0,14,0
1004,825,53.0,7,0
1004,842,28.0,13,0
1004,828,6.0,18,0
1004,845,1.0,20,0
1005,20,264.0,2,5
1005,1,331.0,1,9
1005,8,196.0,4,0
1005,817,146.0,6,2
1005,4,50.0,10,0
1005,830,173.0,5,1
1005,807,53.0,9,0
1005,822,207.0,3,0
1005,838,8.0,16,0
1005,832,39.0,12,0
1005,815,53.0,7,0
1005,839,49.0,11,0
1005,844,21.0,15,0
1005,840,6.0,17,0
1005,843,2.0,19,0
1005,154,31.0,13,0
1005,825,53.0,8,0
1005,842,28.0,14,0
1005,828,6.0,18,0
1005,845,1.0,20,0
1006,828,7.0,17,0
1006,825,53.0,9,0
1006,843,4.0,19,0
1006,840,6.0,18,0
1006,839,49.0,11,0
1006,832,45.0,12,0
1006,822,217.0,4,0
1006,830,191.0,5,1
1006,817,146.0,6,2
1006,1,346.0,1,9
1006,842,28.0,14,0
1006,845,1.0,20,0
1006,807,61.0,7,0
1006,844,21.0,15,0
1006,154,31.0,13,0
1006,838,8.0,16,0
1006,4,50.0,10,0
1006,815,57.0,8,0
1006,8,221.0,3,1
1006,20,276.0,2,5
1007,20,294.0,2,5
1007,1,358.0,1,9
1007,8,236.0,3,1
1007,817,146.0,6,2
1007,4,50.0,10,0
1007,830,216.0,5,2
1007,807,69.0,7,0
1007,822,227.0,4,0
1007,838,12.0,16,0
1007,832,45.0,12,0
1007,815,57.0,8,0
1007,839,49.0,11,0
1007,844,27.0,15,0
1007,840,6.0,18,0
1007,843,4.0,19,0
1007,154,31.0,13,0
1007,825,53.0,9,0
1007,842,29.0,14,0
1007,828,9.0,17,0
1007,845,1.0,20,0
1008,20,302.0,2,5
1008,1,383.0,1,10
1008,8,251.0,3,1
1008,817,158.0,6,2
1008,4,50.0,10,0
1008,830,234.0,5,2
1008,807,69.0,7,0
1008,822,237.0,4,0
1008,838,12.0,16,0
1008,832,45.0,12,0
1008,815,58.0,8,0
1008,839,49.0,11,0
1008,844,33.0,14,0
1008,840,6.0,18,0
1008,843,4.0,19,0
1008,154,35.0,13,0
1008,825,55.0,9,0
1008,842,29.0,15,0
1008,828,9.0,17,0
1008,845,1.0,20,0
1009,20,320.0,2,5
1009,1,408.0,1,11
1009,8,251.0,3,1
1009,817,170.0,6,2
1009,4,50.0,11,0
1009,830,249.0,4,2
1009,807,69.0,7,0
1009,822,247.0,5,0
1009,838,12.0,16,0
1009,832,53.0,10,0
1009,815,62.0,8,0
1009,839,49.0,12,0
1009,844,39.0,13,0
1009,840,6.0,18,0
1009,843,4.0,19,0
1009,154,37.0,14,0
1009,825,56.0,9,0
1009,842,29.0,15,0
1009,828,9.0,17,0
1009,845,1.0,20,0
1010,832,0.0,20,0
1010,817,0.0,19,0
1010,154,0.0,18,0
1010,9,0.0,17,0
1010,847,0.0,16,0
1010,841,0.0,15,0
1010,848,0.0,14,0
1010,815,0.0,13,0
1010,846,0.0,12,0
1010,1,18.0,2,0
1012,1,68.0,1,2
1010,842,0.0,11,0
1010,826,1.0,10,0
1010,840,2.0,9,0
1010,8,4.0,8,0
1010,807,6.0,7,0
1010,825,8.0,6,0
1010,844,10.0,5,0
1010,20,12.0,4,0
1010,830,15.0,3,0
1010,822,26.0,1,1
1012,822,62.0,2,1
1011,817,0.0,18,0
1011,154,0.0,19,0
1011,847,0.0,16,0
1011,848,2.0,11,0
1011,842,4.0,10,0
1011,8,10.0,6,0
1011,830,27.0,3,0
1011,832,0.0,20,0
1011,841,0.0,15,0
1011,826,1.0,13,0
1011,9,0.0,17,0
1011,846,8.0,7,0
1011,807,6.0,9,0
1011,815,1.0,14,0
1011,840,2.0,12,0
1011,825,8.0,8,0
1011,844,26.0,4,0
1011,20,22.0,5,0
1011,1,43.0,2,1
1011,822,44.0,1,1
1012,830,39.0,3,0
1012,20,37.0,4,0
1012,844,36.0,5,0
1012,825,8.0,9,0
1012,807,6.0,10,0
1012,8,12.0,7,0
1012,840,2.0,14,0
1012,826,1.0,15,0
1012,842,13.0,6,0
1012,846,8.0,8,0
1012,815,5.0,12,0
1012,848,3.0,13,0
1012,841,0.0,16,0
1012,847,0.0,19,0
1012,9,0.0,20,0
1012,154,0.0,17,0
1012,817,6.0,11,0
1012,832,0.0,18,0
1013,822,87.0,1,2
1013,1,86.0,2,2
1013,830,51.0,4,0
1013,20,52.0,3,0
1013,844,47.0,5,0
1013,825,8.0,10,0
1013,807,6.0,11,0
1013,8,13.0,8,0
1013,840,4.0,14,0
1013,826,1.0,16,0
1013,842,13.0,7,0
1013,846,12.0,9,0
1013,815,13.0,6,0
1013,848,3.0,15,0
1013,841,0.0,17,0
1013,847,0.0,19,0
1013,9,0.0,20,0
1013,154,0.0,18,0
1013,817,6.0,13,0
1013,832,6.0,12,0
1014,832,10.0,11,0
1014,817,6.0,12,0
1014,154,1.0,17,0
1014,9,0.0,20,0
1014,841,0.0,18,0
1014,848,3.0,15,0
1014,842,21.0,6,0
1014,840,4.0,14,0
1014,8,13.0,9,0
1014,844,57.0,5,0
1014,830,66.0,3,0
1014,1,112.0,1,3
1014,815,13.0,8,0
1014,826,3.0,16,0
1014,846,12.0,10,0
1014,822,105.0,2,2
1014,847,0.0,19,0
1014,20,64.0,4,0
1014,807,6.0,13,0
1014,825,14.0,7,0
1015,822,120.0,2,2
1015,1,137.0,1,4
1015,830,78.0,4,0
1015,20,82.0,3,0
1015,844,57.0,5,0
1015,825,14.0,8,0
1015,807,6.0,15,0
1015,8,13.0,10,0
1015,840,4.0,16,0
1015,826,9.0,12,0
1015,842,32.0,6,0
1015,846,12.0,11,0
1015,815,13.0,9,0
1015,848,7.0,14,0
1015,841,0.0,18,0
1015,847,0.0,19,0
1015,9,0.0,20,0
1015,154,2.0,17,0
1015,817,8.0,13,0
1015,832,18.0,7,0
1016,822,133.0,2,2
1016,1,162.0,1,5
1016,830,88.0,4,0
1016,20,100.0,3,0
1016,844,72.0,5,0
1016,825,14.0,9,0
1016,807,12.0,13,0
1016,8,13.0,11,0
1016,840,6.0,16,0
1016,826,10.0,14,0
1016,842,36.0,6,0
1016,846,12.0,12,0
1016,815,13.0,10,0
1016,848,7.0,15,0
1016,841,0.0,18,0
1016,847,0.0,19,0
1016,9,0.0,20,0
1016,154,2.0,17,0
1016,817,16.0,8,0
1016,832,18.0,7,0
1017,847,0.0,19,0
1017,832,26.0,7,0
1017,8,19.0,8,0
1017,840,6.0,16,0
1017,822,151.0,2,2
1017,817,16.0,9,0
1017,154,2.0,17,0
1017,9,0.0,20,0
1017,841,0.0,18,0
1017,848,7.0,15,0
1017,815,13.0,13,0
1017,842,37.0,6,0
1017,846,14.0,12,0
1017,826,10.0,14,0
1017,825,14.0,11,0
1017,807,16.0,10,0
1017,844,87.0,5,0
1017,20,111.0,3,0
1017,830,100.0,4,0
1017,1,187.0,1,6
1018,822,166.0,2,2
1018,1,197.0,1,6
1018,830,126.0,3,1
1018,20,123.0,4,0
1018,844,105.0,5,0
1018,825,14.0,12,0
1018,807,16.0,11,0
1018,8,21.0,9,0
1018,840,6.0,16,0
1018,826,10.0,14,0
1018,842,43.0,6,0
1018,846,22.0,8,0
1018,815,13.0,13,0
1018,848,7.0,15,0
1018,841,1.0,18,0
1018,847,0.0,19,0
1018,9,0.0,20,0
1018,154,2.0,17,0
1018,817,16.0,10,0
1018,832,30.0,7,0
1019,822,184.0,2,2
1019,1,223.0,1,7
1019,830,136.0,3,1
1019,20,123.0,4,0
1019,844,120.0,5,0
1019,825,14.0,12,0
1019,807,17.0,11,0
1019,8,25.0,8,0
1019,840,6.0,16,0
1019,826,12.0,14,0
1019,842,55.0,6,0
1019,846,22.0,9,0
1019,815,13.0,13,0
1019,848,7.0,15,0
1019,841,1.0,18,0
1019,847,0.0,19,0
1019,9,0.0,20,0
1019,154,2.0,17,0
1019,817,22.0,10,0
1019,832,38.0,7,0
1020,832,48.0,7,0
1020,817,22.0,11,0
1020,154,8.0,17,0
1020,9,1.0,19,0
1020,815,13.0,16,0
1020,846,22.0,10,0
1020,842,55.0,6,0
1020,826,27.0,8,0
1020,840,18.0,12,0
1020,8,25.0,9,0
1020,1,225.0,1,7
1020,841,1.0,18,0
1020,822,184.0,2,2
1020,847,0.0,20,0
1020,848,15.0,15,0
1020,830,162.0,3,2
1020,20,141.0,4,0
1020,844,120.0,5,0
1020,825,18.0,13,0
1020,807,17.0,14,0
1021,822,188.0,2,2
1021,1,250.0,1,8
1021,830,181.0,3,2
1021,20,156.0,4,0
1021,844,132.0,5,0
1021,825,18.0,13,0
1021,807,17.0,14,0
1021,8,31.0,8,0
1021,840,18.0,12,0
1021,826,27.0,9,0
1021,842,63.0,6,0
1021,846,24.0,10,0
1021,815,13.0,16,0
1021,848,16.0,15,0
1021,841,1.0,18,0
1021,847,0.0,20,0
1021,9,1.0,19,0
1021,154,8.0,17,0
1021,817,22.0,11,0
1021,832,58.0,7,0
1022,822,203.0,2,2
1022,1,268.0,1,8
1022,830,181.0,3,2
1022,20,169.0,4,0
1022,844,157.0,5,1
1022,825,18.0,16,0
1022,807,21.0,14,0
1022,8,31.0,9,0
1022,840,19.0,15,0
1022,826,33.0,8,0
1022,842,65.0,6,0
1022,846,24.0,11,0
1022,815,21.0,13,0
1022,848,26.0,10,0
1022,841,1.0,18,0
1022,847,0.0,20,0
1022,9,1.0,19,0
1022,154,8.0,17,0
1022,817,22.0,12,0
1022,832,58.0,7,0
1023,822,221.0,2,2
1023,1,284.0,1,8
1023,830,185.0,3,2
1023,20,169.0,5,0
1023,844,182.0,4,2
1023,825,18.0,16,0
1023,807,31.0,11,0
1023,8,31.0,12,0
1023,840,19.0,15,0
1023,826,33.0,10,0
1023,842,65.0,6,0
1023,846,25.0,14,0
1023,815,27.0,13,0
1023,848,34.0,9,0
1023,841,3.0,18,0
1023,847,0.0,20,0
1023,9,1.0,19,0
1023,154,8.0,17,0
1023,817,34.0,8,0
1023,832,58.0,7,0
1024,822,231.0,2,2
1024,1,296.0,1,8
1024,830,200.0,4,2
1024,20,194.0,5,1
1024,844,200.0,3,2
1024,825,18.0,16,0
1024,807,33.0,11,0
1024,8,31.0,13,0
1024,840,19.0,15,0
1024,826,33.0,10,0
1024,842,69.0,6,0
1024,846,31.0,12,0
1024,815,27.0,14,0
1024,848,42.0,8,0
1024,841,4.0,18,0
1024,847,0.0,20,0
1024,9,1.0,19,0
1024,154,8.0,17,0
1024,817,34.0,9,0
1024,832,58.0,7,0
1025,822,249.0,2,2
1025,1,322.0,1,9
1025,830,212.0,4,2
1025,20,194.0,5,1
1025,844,215.0,3,2
1025,825,20.0,15,0
1025,807,34.0,11,0
1025,8,31.0,14,0
1025,840,19.0,16,0
1025,826,33.0,12,0
1025,842,69.0,6,0
1025,846,35.0,9,0
1025,815,33.0,13,0
1025,848,52.0,8,0
1025,841,4.0,18,0
1025,847,0.0,20,0
1025,9,1.0,19,0
1025,154,8.0,17,0
1025,817,34.0,10,0
1025,832,66.0,7,0
1026,832,76.0,6,0
1026,817,34.0,12,0
1026,154,8.0,17,0
1026,9,1.0,19,0
1026,847,0.0,20,0
1026,841,4.0,18,0
1026,848,64.0,8,0
1026,840,21.0,15,0
1026,8,31.0,14,0
1026,825,20.0,16,0
1026,20,212.0,5,1
1026,1,338.0,1,9
1026,822,274.0,2,3
1026,826,34.0,11,0
1026,830,212.0,4,2
1026,842,75.0,7,0
1026,846,35.0,10,0
1026,815,37.0,9,0
1026,844,223.0,3,2
1026,807,34.0,13,0
1027,832,76.0,7,0
1027,817,38.0,10,0
1027,154,8.0,17,0
1027,9,1.0,19,0
1027,847,0.0,20,0
1027,841,4.0,18,0
1027,848,74.0,8,0
1027,842,77.0,6,0
1027,840,21.0,15,0
1027,8,31.0,14,0
1027,825,20.0,16,0
1027,20,230.0,4,1
1027,1,363.0,1,10
1027,822,289.0,2,3
1027,826,34.0,13,0
1027,830,220.0,5,2
1027,846,35.0,12,0
1027,815,43.0,9,0
1027,844,236.0,3,2
1027,807,35.0,11,0
1028,822,314.0,2,4
1028,1,381.0,1,10
1028,830,235.0,4,2
1028,20,230.0,5,1
1028,844,249.0,3,2
1028,825,20.0,16,0
1028,807,37.0,12,0
1028,8,31.0,14,0
1028,840,21.0,15,0
1028,826,34.0,13,0
1028,842,77.0,8,0
1028,846,41.0,11,0
1028,815,44.0,10,0
1028,848,84.0,6,0
1028,841,4.0,18,0
1028,847,0.0,20,0
1028,9,1.0,19,0
1028,154,8.0,17,0
1028,817,46.0,9,0
1028,832,80.0,7,0
1029,822,314.0,2,4
1029,1,387.0,1,10
1029,830,260.0,3,3
1029,20,230.0,5,1
1029,844,249.0,4,2
1029,825,20.0,16,0
1029,807,37.0,13,0
1029,8,43.0,12,0
1029,840,21.0,15,0
1029,826,35.0,14,0
1029,842,95.0,6,0
1029,846,45.0,11,0
1029,815,46.0,10,0
1029,848,84.0,8,0
1029,841,14.0,17,0
1029,847,0.0,20,0
1029,9,1.0,19,0
1029,154,8.0,18,0
1029,817,54.0,9,0
1029,832,95.0,7,0
1030,822,326.0,2,4
1030,1,413.0,1,11
1030,830,278.0,3,3
1030,20,240.0,5,1
1030,844,264.0,4,2
1030,825,20.0,16,0
1030,807,37.0,14,0
1030,8,43.0,12,0
1030,840,21.0,15,0
1030,826,37.0,13,0
1030,842,95.0,7,0
1030,846,49.0,11,0
1030,815,52.0,10,0
1030,848,92.0,8,0
1030,841,14.0,17,0
1030,847,0.0,20,0
1030,9,1.0,19,0
1030,154,8.0,18,0
1030,817,54.0,9,0
1030,832,96.0,6,0
1034,830,52.0,3,0
1034,817,20.0,9,0
1034,840,20.0,8,0
1034,825,1.0,16,0
1034,154,0.0,20,0
1034,847,0.0,19,0
1034,8,0.0,18,0
1034,848,26.0,6,0
1034,826,1.0,15,0
1034,849,0.0,17,0
1034,20,10.0,13,0
1034,841,2.0,14,0
1034,839,12.0,11,0
1034,842,12.0,12,0
1034,815,22.0,7,0
1034,832,15.0,10,0
1034,1,88.0,1,3
1034,846,36.0,4,0
1034,844,33.0,5,0
1034,822,58.0,2,1
1040,844,57.0,7,0
1031,830,0.0,20,0
1031,840,0.0,18,0
1031,154,0.0,16,0
1031,8,0.0,14,0
1031,826,0.0,12,0
1040,822,161.0,2,2
1031,817,0.0,19,0
1031,825,0.0,17,0
1031,847,0.0,15,0
1031,848,0.0,13,0
1031,849,0.0,11,0
1031,20,1.0,10,0
1031,841,2.0,9,0
1031,839,4.0,8,0
1031,842,6.0,7,0
1031,815,8.0,6,0
1031,832,10.0,5,0
1031,1,12.0,4,0
1031,846,16.0,3,0
1031,844,18.0,2,0
1031,822,25.0,1,1
1032,822,43.0,1,1
1032,844,18.0,4,0
1032,846,26.0,3,0
1032,1,37.0,2,1
1032,832,13.0,7,0
1032,815,16.0,5,0
1032,842,6.0,9,0
1032,839,4.0,11,0
1032,841,2.0,13,0
1032,20,1.0,15,0
1032,849,0.0,16,0
1032,826,1.0,14,0
1032,848,12.0,8,0
1032,8,0.0,17,0
1032,847,0.0,20,0
1032,154,0.0,19,0
1032,825,0.0,18,0
1032,840,6.0,10,0
1032,817,4.0,12,0
1032,830,15.0,6,0
1033,830,33.0,3,0
1033,840,18.0,8,0
1033,154,0.0,19,0
1033,847,0.0,20,0
1033,848,22.0,5,0
1033,826,1.0,15,0
1033,20,9.0,10,0
1033,839,4.0,13,0
1033,815,22.0,6,0
1033,1,63.0,1,2
1033,844,18.0,7,0
1033,822,58.0,2,1
1033,832,15.0,9,0
1033,825,1.0,16,0
1033,846,26.0,4,0
1033,817,8.0,11,0
1033,842,6.0,12,0
1033,8,0.0,17,0
1033,849,0.0,18,0
1033,841,2.0,14,0
1034,807,0.0,21,0
1035,822,73.0,3,1
1035,844,45.0,4,0
1035,846,38.0,5,0
1035,1,107.0,1,3
1035,832,15.0,11,0
1035,815,22.0,8,0
1035,842,12.0,12,0
1035,839,16.0,10,0
1035,841,2.0,15,0
1035,20,10.0,13,0
1035,849,0.0,19,0
1035,826,2.0,16,0
1035,848,36.0,6,0
1035,8,0.0,18,0
1035,847,0.0,20,0
1035,154,0.0,21,0
1035,825,1.0,17,0
1035,840,28.0,7,0
1035,817,20.0,9,0
1035,830,77.0,2,1
1035,807,6.0,14,0
1036,822,89.0,3,1
1036,844,45.0,4,0
1036,846,39.0,7,0
1036,1,132.0,1,4
1036,832,23.0,9,0
1036,815,32.0,8,0
1036,842,14.0,13,0
1036,839,16.0,12,0
1036,841,2.0,15,0
1036,20,16.0,11,0
1036,849,0.0,19,0
1036,826,2.0,16,0
1036,848,40.0,6,0
1036,8,0.0,18,0
1036,847,0.0,20,0
1036,154,0.0,21,0
1036,825,1.0,17,0
1036,840,40.0,5,0
1036,817,20.0,10,0
1036,830,95.0,2,1
1036,807,6.0,14,0
1037,822,107.0,3,1
1037,844,45.0,5,0
1037,846,45.0,6,0
1037,1,157.0,1,5
1037,832,23.0,11,0
1037,815,33.0,9,0
1037,842,18.0,12,0
1037,839,26.0,10,0
1037,841,2.0,15,0
1037,20,16.0,13,0
1037,849,0.0,19,0
1037,826,2.0,16,0
1037,848,48.0,4,0
1037,8,0.0,18,0
1037,847,0.0,20,0
1037,154,0.0,21,0
1037,825,1.0,17,0
1037,840,42.0,7,0
1037,817,33.0,8,0
1037,830,110.0,2,1
1037,807,6.0,14,0
1038,822,117.0,2,1
1038,844,45.0,7,0
1038,846,57.0,5,0
1038,1,164.0,1,5
1038,832,41.0,9,0
1038,815,34.0,11,0
1038,842,43.0,8,1
1038,839,30.0,12,0
1038,841,2.0,16,0
1038,20,16.0,13,0
1038,849,0.0,18,0
1038,826,4.0,15,0
1038,848,48.0,6,0
1038,8,0.0,19,0
1038,847,0.0,21,0
1038,154,0.0,20,0
1038,825,1.0,17,0
1038,840,57.0,4,0
1038,817,41.0,10,0
1038,830,110.0,3,1
1038,807,6.0,14,0
1039,822,135.0,2,1
1039,844,49.0,8,0
1039,846,65.0,4,0
1039,1,190.0,1,6
1039,832,41.0,11,0
1039,815,44.0,9,0
1039,842,43.0,10,1
1039,839,30.0,12,0
1039,841,2.0,17,0
1039,20,17.0,13,0
1039,849,0.0,19,0
1039,826,10.0,14,0
1039,848,63.0,5,0
1039,8,2.0,16,0
1039,847,0.0,20,0
1039,154,0.0,21,0
1039,825,1.0,18,0
1039,840,57.0,6,0
1039,817,53.0,7,0
1039,830,110.0,3,1
1039,807,6.0,15,0
1040,846,65.0,4,0
1040,1,205.0,1,6
1040,832,41.0,11,0
1040,815,56.0,9,0
1040,842,45.0,10,1
1040,839,36.0,12,0
1040,841,2.0,17,0
1040,20,17.0,13,0
1040,849,0.0,19,0
1040,826,14.0,14,0
1040,848,64.0,5,0
1040,8,2.0,16,0
1040,847,0.0,20,0
1040,154,0.0,21,0
1040,825,1.0,18,0
1040,840,57.0,8,0
1040,817,63.0,6,0
1040,830,128.0,3,1
1040,807,6.0,15,0
1041,822,161.0,2,2
1041,844,63.0,8,0
1041,846,65.0,6,0
1041,1,230.0,1,7
1041,832,51.0,11,0
1041,815,68.0,5,0
1041,842,53.0,10,1
1041,839,36.0,12,0
1041,841,3.0,16,0
1041,20,17.0,13,0
1041,849,0.0,20,0
1041,826,14.0,14,0
1041,848,64.0,7,0
1041,8,2.0,17,0
1041,847,0.0,21,0
1041,154,2.0,18,0
1041,825,1.0,19,0
1041,840,57.0,9,0
1041,817,78.0,4,0
1041,830,147.0,3,1
1041,807,10.0,15,0
1042,822,179.0,2,2
1042,844,75.0,5,0
1042,846,65.0,7,0
1042,1,256.0,1,8
1042,832,59.0,10,0
1042,815,74.0,6,0
1042,842,63.0,9,1
1042,839,40.0,12,0
1042,841,3.0,16,0
1042,20,18.0,13,0
1042,849,0.0,20,0
1042,826,14.0,14,0
1042,848,64.0,8,0
1042,8,2.0,17,0
1042,847,0.0,21,0
1042,154,2.0,18,0
1042,825,1.0,19,0
1042,840,57.0,11,0
1042,817,80.0,4,0
1042,830,162.0,3,1
1042,807,10.0,15,0
1043,822,197.0,2,2
1043,844,85.0,5,0
1043,846,69.0,7,0
1043,1,282.0,1,9
1043,832,65.0,8,0
1043,815,82.0,6,0
1043,842,63.0,10,1
1043,839,40.0,12,0
1043,841,4.0,17,0
1043,20,18.0,14,0
1043,849,0.0,20,0
1043,826,26.0,13,0
1043,848,64.0,9,0
1043,8,4.0,16,0
1043,847,0.0,21,0
1043,154,2.0,18,0
1043,825,1.0,19,0
1043,840,57.0,11,0
1043,817,95.0,4,0
1043,830,162.0,3,1
1043,807,10.0,15,0
1044,822,197.0,2,2
1044,844,97.0,5,0
1044,846,74.0,8,0
1044,1,307.0,1,10
1044,832,75.0,7,0
1044,815,100.0,4,0
1044,842,63.0,10,1
1044,839,40.0,12,0
1044,841,4.0,17,0
1044,20,33.0,13,0
1044,849,0.0,20,0
1044,826,26.0,14,0
1044,848,70.0,9,0
1044,8,4.0,16,0
1044,847,0.0,21,0
1044,154,2.0,18,0
1044,825,1.0,19,0
1044,840,59.0,11,0
1044,817,96.0,6,0
1044,830,170.0,3,1
1044,807,10.0,15,0
1045,822,201.0,2,2
1045,844,98.0,6,0
1045,846,86.0,7,0
1045,1,332.0,1,11
1045,832,85.0,8,0
1045,815,100.0,5,0
1045,842,71.0,10,1
1045,839,42.0,12,0
1045,841,4.0,17,0
1045,20,33.0,13,0
1045,849,0.0,20,0
1045,826,26.0,14,0
1045,848,85.0,9,0
1045,8,4.0,16,0
1045,847,0.0,21,0
1045,154,2.0,18,0
1045,825,1.0,19,0
1045,840,59.0,11,0
1045,817,102.0,4,0
1045,830,189.0,3,1
1045,807,10.0,15,0
1046,822,205.0,2,2
1046,844,98.0,6,0
1046,846,87.0,9,0
1046,1,332.0,1,11
1046,832,97.0,7,0
1046,815,125.0,4,1
1046,842,71.0,11,1
1046,839,60.0,12,0
1046,841,4.0,17,0
1046,20,33.0,13,0
1046,849,0.0,21,0
1046,826,32.0,14,0
1046,848,93.0,8,0
1046,8,4.0,16,0
1046,847,3.0,18,0
1046,154,2.0,19,0
1046,825,1.0,20,0
1046,840,74.0,10,0
1046,817,112.0,5,0
1046,830,189.0,3,1
1046,807,10.0,15,0
1046,851,0.0,22,0
1046,850,0.0,23,0
1047,851,0.0,22,0
1047,807,10.0,15,0
1047,830,214.0,3,2
1047,817,119.0,5,0
1047,825,1.0,20,0
1047,847,3.0,18,0
1047,826,32.0,14,0
1047,20,33.0,13,0
1047,839,62.0,12,0
1047,815,125.0,4,1
1047,1,347.0,1,11
1047,832,105.0,6,0
1047,842,75.0,10,1
1047,154,2.0,19,0
1047,850,0.0,23,0
1047,841,4.0,17,0
1047,840,75.0,11,0
1047,846,97.0,9,0
1047,8,4.0,16,0
1047,848,105.0,7,0
1047,849,0.0,21,0
1047,844,98.0,8,0
1047,822,223.0,2,2
1051,9,0.0,20,0
1051,853,0.0,21,0
1051,4,77.0,10,0
1051,849,7.0,17,0
1051,842,92.0,9,0
1051,854,0.0,19,0
1051,20,43.0,12,0
1051,847,16.0,15,0
1051,839,60.0,11,1
1051,841,1.0,18,0
1051,8,10.0,16,0
1051,840,34.0,13,0
1051,852,20.0,14,0
1051,832,145.5,7,0
1051,817,105.0,8,1
1051,844,152.0,6,0
1051,815,190.0,4,1
1051,846,153.0,5,0
1051,822,203.0,3,1
1051,830,351.5,1,9
1051,1,343.5,2,7
1052,1,25.0,1,1
1052,830,18.0,2,0
1052,822,16.0,3,0
1052,846,12.0,4,0
1052,815,10.0,5,0
1052,844,8.0,6,0
1052,817,6.0,7,0
1052,832,4.0,8,0
1052,852,2.0,9,0
1052,840,1.0,10,0
1052,8,0.0,11,0
1052,841,0.0,12,0
1052,839,0.0,13,0
1052,847,0.0,14,0
1052,20,0.0,15,0
1052,854,0.0,16,0
1052,842,0.0,17,0
1052,849,0.0,18,0
1052,4,0.0,19,0
1052,853,0.0,20,0
1053,840,5.0,10,0
1053,815,10.0,8,0
1053,853,0.0,19,0
1053,4,1.0,13,0
1053,849,0.0,20,0
1053,842,6.0,9,0
1053,832,14.0,6,0
1053,844,20.0,4,0
1053,830,43.0,2,1
1053,20,0.0,17,0
1053,847,0.0,16,0
1053,854,0.0,18,0
1053,839,2.0,12,0
1053,841,0.0,15,0
1053,8,0.0,14,0
1053,852,2.0,11,0
1053,817,14.0,7,0
1053,846,27.0,3,0
1053,822,16.0,5,0
1053,1,44.0,1,1
1054,1,69.0,1,2
1054,830,61.0,2,1
1054,822,32.0,4,0
1054,846,37.0,3,0
1054,815,22.0,6,0
1054,844,28.0,5,0
1054,817,16.0,7,0
1054,832,14.0,8,0
1054,852,2.0,13,0
1054,840,5.0,11,0
1054,8,0.0,14,0
1054,841,0.0,15,0
1054,839,8.0,9,0
1054,847,0.0,17,0
1054,20,0.0,16,0
1054,854,0.0,18,0
1054,842,7.0,10,0
1054,849,0.0,20,0
1054,4,5.0,12,0
1054,853,0.0,19,0
1055,1,94.0,1,3
1055,830,80.0,2,1
1055,822,47.0,3,0
1055,846,41.0,4,0
1055,815,32.0,6,0
1055,844,40.0,5,0
1055,817,24.0,7,0
1055,832,20.0,8,0
1055,852,2.0,13,0
1055,840,5.0,11,0
1055,8,0.0,14,0
1055,841,0.0,15,0
1055,839,10.0,9,0
1055,847,0.0,17,0
1055,20,0.0,16,0
1055,854,0.0,18,0
1055,842,8.0,10,0
1055,849,0.0,19,0
1055,4,5.0,12,0
1055,853,0.0,20,0
1056,1,101.0,2,3
1056,830,105.0,1,2
1056,822,47.0,4,0
1056,846,56.0,3,0
1056,815,44.0,5,0
1056,844,40.0,6,0
1056,817,24.0,8,0
1056,832,38.0,7,0
1056,852,2.0,14,0
1056,840,9.0,12,0
1056,8,0.0,16,0
1056,841,1.0,15,0
1056,839,12.0,10,0
1056,847,0.0,17,0
1056,20,10.0,11,0
1056,854,0.0,19,0
1056,842,16.0,9,0
1056,849,0.0,18,0
1056,4,5.0,13,0
1056,853,0.0,20,0
1057,1,101.0,2,3
1057,830,105.0,1,2
1057,822,47.0,6,0
1057,846,66.0,4,0
1057,815,69.0,3,1
1057,844,52.0,5,0
1057,817,26.0,10,0
1057,832,42.0,7,0
1057,852,8.0,14,0
1057,840,9.0,13,0
1057,8,1.0,15,0
1057,841,1.0,16,0
1057,839,12.0,12,0
1057,847,0.0,18,0
1057,20,28.0,9,0
1057,854,0.0,17,0
1057,842,31.0,8,0
1057,849,0.0,20,0
1057,4,13.0,11,0
1057,853,0.0,19,0
1059,1,119.0,2,3
1059,830,131.0,1,3
1059,822,59.0,5,0
1059,846,76.0,4,0
1059,815,84.0,3,1
1059,844,52.0,6,0
1059,817,34.0,9,0
1059,832,42.0,7,0
1059,852,8.0,14,0
1059,840,10.0,13,0
1059,8,1.0,15,0
1059,841,1.0,16,0
1059,839,12.0,12,0
1059,847,0.0,17,0
1059,20,30.0,10,0
1059,854,0.0,18,0
1059,842,37.0,8,0
1059,849,0.0,20,0
1059,4,17.0,11,0
1059,853,0.0,19,0
1058,1,138.0,2,3
1058,830,156.0,1,4
1058,822,74.0,5,0
1058,846,86.0,4,0
1058,815,96.0,3,1
1058,844,58.0,6,0
1058,817,34.0,9,0
1058,832,50.0,7,0
1058,852,9.0,14,0
1058,840,14.0,12,0
1058,8,1.0,15,0
1058,841,1.0,16,0
1058,839,12.0,13,0
1058,847,0.0,17,0
1058,20,30.0,10,0
1058,854,0.0,18,0
1058,842,37.0,8,0
1058,849,0.0,20,0
1058,4,19.0,11,0
1058,853,0.0,19,0
1060,849,0.0,20,0
1060,842,39.0,9,0
1060,20,30.0,10,0
1060,847,0.0,17,0
1060,8,1.0,15,0
1060,832,60.0,7,0
1060,844,62.0,6,0
1060,815,104.0,3,1
1060,846,101.0,4,0
1060,830,182.0,1,5
1060,853,0.0,19,0
1060,4,20.0,11,0
1060,854,0.0,18,0
1060,822,92.0,5,0
1060,840,14.0,12,0
1060,839,12.0,13,0
1060,841,1.0,16,0
1060,852,9.0,14,0
1060,817,40.0,8,0
1060,1,150.0,2,3
1061,1,177.0,2,4
1061,830,185.0,1,5
1061,822,108.0,4,0
1061,846,113.0,3,0
1061,815,104.0,5,1
1061,844,80.0,6,0
1061,817,50.0,8,0
1061,832,68.0,7,0
1061,852,10.0,14,0
1061,840,18.0,12,0
1061,8,1.0,15,0
1061,841,1.0,16,0
1061,839,14.0,13,0
1061,847,0.0,17,0
1061,20,30.0,10,0
1061,854,0.0,18,0
1061,842,39.0,9,0
1061,849,0.0,19,0
1061,4,26.0,11,0
1061,853,0.0,20,0
1062,849,6.0,15,0
1062,842,50.0,8,0
1062,20,30.0,12,0
1062,847,4.0,16,0
1062,839,39.0,10,1
1062,8,2.0,17,0
1062,840,18.0,14,0
1062,817,50.0,9,0
1062,815,104.0,5,1
1062,822,108.0,4,0
1062,853,0.0,20,0
1062,4,38.0,11,0
1062,854,0.0,19,0
1062,852,18.0,13,0
1062,844,80.0,7,0
1062,830,187.0,2,5
1062,846,113.0,3,0
1062,841,1.0,18,0
1062,832,83.0,6,0
1062,1,195.0,1,4
1063,1,202.5,1,4
1063,830,199.5,2,6
1063,822,108.0,4,0
1063,846,113.0,3,0
1063,815,104.0,5,1
1063,844,82.0,7,0
1063,817,56.0,8,0
1063,832,83.5,6,0
1063,852,18.0,13,0
1063,840,18.0,14,0
1063,8,2.0,17,0
1063,841,1.0,18,0
1063,839,42.0,10,1
1063,847,13.0,15,0
1063,20,35.0,12,0
1063,854,0.0,19,0
1063,842,54.0,9,0
1063,849,7.0,16,0
1063,4,38.0,11,0
1063,853,0.0,20,0
1064,1,221.5,2,4
1064,830,224.5,1,7
1064,822,123.0,3,0
1064,846,114.0,4,0
1064,815,108.0,5,1
1064,844,92.0,6,0
1064,817,56.0,9,0
1064,832,89.5,7,0
1064,852,18.0,13,0
1064,840,18.0,14,0
1064,8,2.0,17,0
1064,841,1.0,18,0
1064,839,44.0,11,1
1064,847,13.0,15,0
1064,20,35.0,12,0
1064,854,0.0,19,0
1064,842,66.0,8,0
1064,849,7.0,16,0
1064,4,46.0,10,0
1064,853,0.0,20,0
1064,9,0.0,21,0
1065,1,221.5,2,4
1065,830,226.5,1,7
1065,822,141.0,3,0
1065,846,132.0,4,0
1065,815,118.0,5,1
1065,844,104.0,6,0
1065,817,83.0,8,1
1065,832,97.5,7,0
1065,852,18.0,14,0
1065,840,24.0,13,0
1065,8,2.0,17,0
1065,841,1.0,18,0
1065,839,45.0,11,1
1065,847,15.0,15,0
1065,20,35.0,12,0
1065,854,0.0,19,0
1065,842,66.0,9,0
1065,849,7.0,16,0
1065,4,50.0,10,0
1065,853,0.0,21,0
1065,9,0.0,20,0
1066,1,246.5,1,5
1066,830,244.5,2,7
1066,822,151.0,3,0
1066,846,139.0,4,0
1066,815,120.0,5,1
1066,844,104.0,7,0
1066,817,95.0,8,1
1066,832,112.5,6,0
1066,852,18.0,14,0
1066,840,24.0,13,0
1066,8,6.0,17,0
1066,841,1.0,18,0
1066,839,45.0,11,1
1066,847,16.0,15,0
1066,20,35.0,12,0
1066,854,0.0,19,0
1066,842,66.0,9,0
1066,849,7.0,16,0
1066,4,58.0,10,0
1066,853,0.0,21,0
1066,9,0.0,20,0
1067,1,256.5,2,5
1067,830,262.5,1,7
1067,822,177.0,3,1
1067,846,145.0,4,0
1067,815,135.0,5,1
1067,844,116.0,7,0
1067,817,95.0,8,1
1067,832,116.5,6,0
1067,852,18.0,14,0
1067,840,26.0,13,0
1067,8,6.0,17,0
1067,841,1.0,18,0
1067,839,46.0,11,1
1067,847,16.0,15,0
1067,20,35.0,12,0
1067,854,0.0,19,0
1067,842,74.0,9,0
1067,849,7.0,16,0
1067,4,58.0,10,0
1067,853,0.0,21,0
1067,9,0.0,20,0
1069,1,275.5,2,5
1069,830,287.5,1,8
1069,822,185.0,3,1
1069,846,149.0,5,0
1069,815,150.0,4,1
1069,844,128.0,6,0
1069,817,105.0,8,1
1069,832,122.5,7,0
1069,852,20.0,14,0
1069,840,26.0,13,0
1069,8,6.0,17,0
1069,841,1.0,18,0
1069,839,46.0,11,1
1069,847,16.0,15,0
1069,20,36.0,12,0
1069,854,0.0,19,0
1069,842,74.0,9,0
1069,849,7.0,16,0
1069,4,58.0,10,0
1069,853,0.0,21,0
1069,9,0.0,20,0
1070,1,293.5,2,5
1070,830,312.5,1,9
1070,822,185.0,3,1
1070,846,150.0,5,0
1070,815,165.0,4,1
1070,844,138.0,6,0
1070,817,105.0,8,1
1070,832,130.5,7,0
1070,852,20.0,14,0
1070,840,26.0,13,0
1070,8,10.0,16,0
1070,841,1.0,18,0
1070,839,46.0,11,1
1070,847,16.0,15,0
1070,20,42.0,12,0
1070,854,0.0,19,0
1070,842,86.0,9,0
1070,849,7.0,17,0
1070,4,60.0,10,0
1070,853,0.0,21,0
1070,9,0.0,20,0
1071,1,318.5,2,6
1071,830,332.5,1,9
1071,822,203.0,3,1
1071,846,151.0,5,0
1071,815,178.0,4,1
1071,844,148.0,6,0
1071,817,105.0,8,1
1071,832,139.5,7,0
1071,852,20.0,14,0
1071,840,26.0,13,0
1071,8,10.0,16,0
1071,841,1.0,18,0
1071,839,50.0,11,1
1071,847,16.0,15,0
1071,20,42.0,12,0
1071,854,0.0,19,0
1071,842,92.0,9,0
1071,849,7.0,17,0
1071,4,62.0,10,0
1071,853,0.0,21,0
1071,9,0.0,20,0
1072,1,369.5,2,8
1072,830,369.5,1,9
1072,822,218.0,3,1
1072,846,154.0,6,0
1072,815,190.0,4,1
1072,844,158.0,5,0
1072,817,115.0,8,1
1072,832,149.5,7,0
1072,852,20.0,14,0
1072,840,34.0,13,0
1072,8,10.0,16,0
1072,841,3.0,18,0
1072,839,72.0,11,1
1072,847,16.0,15,0
1072,20,43.0,12,0
1072,854,0.0,19,0
1072,842,100.0,9,0
1072,849,7.0,17,0
1072,4,77.0,10,0
1072,853,0.0,21,0
1072,9,0.0,20,0
1073,1,387.5,2,8
1073,830,395.5,1,10
1073,822,226.0,3,1
1073,846,160.0,6,0
1073,815,190.0,4,1
1073,844,159.0,7,0
1073,817,115.0,8,1
1073,832,164.5,5,0
1073,852,32.0,14,0
1073,840,34.0,13,0
1073,8,10.0,16,0
1073,841,3.0,18,0
1073,839,74.0,11,1
1073,847,16.0,15,0
1073,20,43.0,12,0
1073,854,0.0,19,0
1073,842,110.0,9,0
1073,849,7.0,17,0
1073,4,81.0,10,0
1073,853,0.0,21,0
1073,9,0.0,20,0
1074,842,0.0,20,0
1074,830,0.0,19,0
1074,815,0.0,18,0
1074,807,0.0,17,0
1074,849,0.0,16,0
1074,846,0.0,15,0
1074,817,0.0,14,0
1074,848,0.0,13,0
1074,840,0.0,12,0
1074,854,0.0,11,0
1074,855,1.0,10,0
1074,4,2.0,9,0
1074,852,4.0,8,0
1074,839,6.0,7,0
1074,822,8.0,6,0
1074,844,26.0,1,1
1074,832,18.0,2,0
1074,1,15.0,3,0
1074,847,12.0,4,0
1074,825,10.0,5,0
1075,844,45.0,1,1
1075,832,33.0,2,0
1075,1,16.0,5,0
1075,847,22.0,4,0
1075,825,12.0,8,0
1075,822,8.0,9,0
1075,839,14.0,6,0
1075,852,4.0,11,0
1075,4,2.0,13,0
1075,855,1.0,14,0
1075,854,0.0,15,0
1075,840,0.0,16,0
1075,848,0.0,18,0
1075,817,0.0,19,0
1075,846,6.0,10,0
1075,849,0.0,20,0
1075,807,0.0,17,0
1075,815,12.0,7,0
1075,830,25.0,3,1
1075,842,4.0,12,0
1076,844,71.0,1,2
1076,832,33.0,3,0
1076,1,28.0,5,0
1076,847,37.0,2,0
1076,825,12.0,9,0
1076,822,12.0,10,0
1076,839,20.0,7,0
1076,852,4.0,13,0
1076,4,2.0,14,0
1076,855,1.0,15,0
1076,854,0.0,17,0
1076,840,0.0,18,0
1076,848,1.0,16,0
1076,817,8.0,11,0
1076,846,16.0,8,0
1076,849,0.0,20,0
1076,807,0.0,19,0
1076,815,30.0,4,0
1076,830,25.0,6,1
1076,842,6.0,12,0
1076,20,0.0,21,0
1077,844,86.0,1,2
1077,832,38.0,5,0
1077,1,28.0,7,0
1077,847,49.0,4,0
1077,825,15.0,10,0
1077,822,24.0,8,0
1077,839,20.0,9,0
1077,852,10.0,12,0
1077,4,2.0,15,0
1077,855,1.0,16,0
1077,854,0.0,19,0
1077,840,1.0,18,0
1077,848,1.0,17,0
1077,817,11.0,11,0
1077,846,35.0,6,0
1077,849,0.0,21,0
1077,807,0.0,20,0
1077,815,54.0,3,0
1077,830,59.0,2,2
1077,842,6.0,13,0
1077,20,4.0,14,0
1078,844,104.0,1,2
1078,832,53.0,5,0
1078,1,36.0,6,0
1078,847,59.0,4,0
1078,825,15.0,10,0
1078,822,30.0,8,0
1078,839,24.0,9,0
1078,852,10.0,12,0
1078,4,2.0,16,0
1078,855,1.0,18,0
1078,854,0.0,19,0
1078,840,2.0,17,0
1078,848,3.0,15,0
1078,817,11.0,11,0
1078,846,35.0,7,0
1078,849,0.0,21,0
1078,807,0.0,20,0
1078,815,66.0,3,0
1078,830,85.0,2,3
1078,842,6.0,13,0
1078,20,4.0,14,0
1079,844,104.0,2,2
1079,832,65.0,5,0
1079,1,46.0,6,0
1079,847,74.0,4,0
1079,825,15.0,10,0
1079,822,38.0,8,0
1079,839,30.0,9,0
1079,852,11.0,11,0
1079,4,4.0,15,0
1079,855,1.0,18,0
1079,854,0.0,19,0
1079,840,2.0,17,0
1079,848,3.0,16,0
1079,817,11.0,12,0
1079,846,39.0,7,0
1079,849,0.0,21,0
1079,807,0.0,20,0
1079,815,85.0,3,0
1079,830,110.0,1,4
1079,842,6.0,13,0
1079,20,4.0,14,0
1080,844,116.0,2,2
1080,832,83.0,5,0
1080,1,50.0,6,0
1080,847,84.0,4,0
1080,825,15.0,10,0
1080,822,40.0,8,0
1080,839,30.0,9,0
1080,852,11.0,12,0
1080,4,10.0,13,0
1080,855,1.0,18,0
1080,854,0.0,19,0
1080,840,2.0,17,0
1080,848,3.0,16,0
1080,817,11.0,11,0
1080,846,48.0,7,0
1080,849,0.0,21,0
1080,807,0.0,20,0
1080,815,110.0,3,1
1080,830,125.0,1,4
1080,842,6.0,14,0
1080,20,5.0,15,0
1081,844,116.0,3,2
1081,832,83.0,5,0
1081,1,62.0,6,0
1081,847,99.0,4,0
1081,825,15.0,12,0
1081,822,40.0,8,0
1081,839,31.0,9,0
1081,852,11.0,15,0
1081,4,16.0,11,0
1081,855,1.0,18,0
1081,854,0.0,19,0
1081,840,2.0,17,0
1081,848,3.0,16,0
1081,817,15.0,13,0
1081,846,50.0,7,0
1081,849,0.0,21,0
1081,807,0.0,20,0
1081,815,129.0,2,1
1081,830,150.0,1,5
1081,842,16.0,10,0
1081,20,13.0,14,0
1082,20,13.0,14,0
1082,830,175.0,1,6
1082,815,129.0,2,1
1082,807,0.0,20,0
1082,849,0.0,21,0
1082,848,3.0,17,0
1082,840,3.0,18,0
1082,855,5.0,16,0
1082,4,18.0,10,0
1082,852,11.0,15,0
1082,832,102.0,5,0
1082,1,77.0,6,0
1082,847,111.0,4,0
1082,825,15.0,12,0
1082,822,46.0,8,0
1082,842,16.0,11,0
1082,839,39.0,9,0
1082,817,15.0,13,0
1082,844,126.0,3,2
1082,846,50.0,7,0
1082,854,0.0,19,0
1083,844,138.0,3,2
1083,832,127.0,4,1
1083,1,93.0,6,0
1083,847,111.0,5,0
1083,825,16.0,12,0
1083,822,46.0,8,0
1083,839,39.0,9,0
1083,852,11.0,15,0
1083,4,28.0,10,0
1083,855,5.0,16,0
1083,854,4.0,17,0
1083,840,3.0,19,0
1083,848,3.0,18,0
1083,817,15.0,14,0
1083,846,58.0,7,0
1083,849,0.0,20,0
1083,807,0.0,21,0
1083,815,147.0,2,1
1083,830,181.0,1,6
1083,842,16.0,11,0
1083,20,15.0,13,0
1084,844,170.0,2,3
1084,832,133.0,4,1
1084,1,109.0,6,0
1084,847,128.0,5,0
1084,825,22.0,11,0
1084,822,46.0,9,0
1084,839,52.0,8,0
1084,852,11.0,16,0
1084,4,29.0,10,0
1084,855,5.0,17,0
1084,854,12.0,15,0
1084,840,3.0,19,0
1084,848,3.0,18,0
1084,817,17.0,12,0
1084,846,64.0,7,0
1084,849,0.0,20,0
1084,807,0.0,21,0
1084,815,151.0,3,1
1084,830,208.0,1,6
1084,842,16.0,13,0
1084,20,15.0,14,0
1085,844,170.0,2,3
1085,832,144.0,4,1
1085,1,127.0,6,0
1085,847,143.0,5,0
1085,825,22.0,11,0
1085,822,46.0,9,0
1085,839,56.0,8,0
1085,852,11.0,16,0
1085,4,37.0,10,0
1085,855,5.0,17,0
1085,854,12.0,15,0
1085,840,4.0,18,0
1085,848,3.0,19,0
1085,817,19.0,12,0
1085,846,70.0,7,0
1085,849,0.0,20,0
1085,807,0.0,21,0
1085,815,163.0,3,1
1085,830,233.0,1,7
1085,842,16.0,13,0
1085,20,15.0,14,0
1086,844,178.0,2,3
1086,832,156.0,5,1
1086,1,146.0,6,0
1086,847,158.0,4,0
1086,825,22.0,11,0
1086,822,46.0,9,0
1086,839,58.0,8,0
1086,852,11.0,16,0
1086,4,41.0,10,0
1086,855,5.0,17,0
1086,854,12.0,15,0
1086,840,4.0,18,0
1086,848,3.0,19,0
1086,817,19.0,12,0
1086,846,76.0,7,0
1086,849,0.0,20,0
1086,807,0.0,21,0
1086,815,173.0,3,1
1086,830,258.0,1,8
1086,842,16.0,13,0
1086,20,16.0,14,0
