raceId,driverId,constructorId,number,position,q1,q2,q3
860,1,1,4,1,1:26.800,1:25.626,1:24.922
860,18,1,3,2,1:26.832,1:25.663,1:25.074
860,154,208,10,3,1:26.498,1:25.845,1:25.302
860,20,9,1,6,1:26.773,1:25.982,1:25.668
860,3,131,8,7,1:26.763,1:25.469,1:25.686
860,813,3,18,8,1:26.803,1:26.206,1:25.908
860,807,10,12,9,1:27.464,1:26.314,1:26.451
861,1,1,4,1,1:37.813,1:37.106,1:36.219
861,18,1,3,2,1:37.575,1:36.928,1:36.368
861,8,208,9,5,1:37.961,1:36.715,1:36.461
861,20,9,1,6,1:38.102,1:37.419,1:36.634
861,154,208,10,7,1:38.058,1:37.338,1:36.658
861,3,131,8,8,1:37.696,1:36.996,1:36.664
861,4,6,5,9,1:38.151,1:37.379,1:37.566
861,815,15,15,10,1:37.933,1:37.477,1:37.698
862,3,131,8,1,1:36.875,1:35.725,1:35.121
862,1,1,4,2,1:36.763,1:35.902,1:35.626
862,155,15,14,4,1:36.863,1:35.853,1:35.784
862,8,208,9,5,1:36.850,1:35.921,1:35.898
862,18,1,3,6,1:36.746,1:35.942,1:36.191
862,815,15,15,8,1:36.198,1:35.831,1:36.524
862,4,6,5,9,1:36.292,1:35.982,1:36.622
863,20,9,1,1,1:34.308,1:33.527,1:32.422
863,1,1,4,2,1:34.813,1:33.209,1:32.520
863,18,1,3,4,1:34.792,1:33.416,1:32.711
863,3,131,8,5,1:34.588,1:33.219,1:32.821
863,817,5,16,6,1:33.988,1:33.556,1:32.912
863,154,208,10,7,1:34.041,1:33.246,1:33.008
863,815,15,15,8,1:33.814,1:33.660,1:33.394
864,1,1,4,1,1:22.583,1:22.465,1:21.707
864,813,3,18,2,1:23.380,1:22.105,1:22.285
864,4,6,5,3,1:23.276,1:22.862,1:22.302
864,154,208,10,4,1:23.248,1:22.667,1:22.424
864,8,208,9,5,1:23.406,1:22.856,1:22.487
864,815,15,15,6,1:24.261,1:22.773,1:22.533
864,3,131,8,7,1:23.370,1:22.882,1:23.005
865,3,131,8,3,1:15.900,1:15.022,1:14.448
865,1,1,4,4,1:16.063,1:15.166,1:14.583
865,154,208,10,5,1:15.718,1:15.219,1:14.639
865,4,6,5,6,1:16.153,1:15.128,1:14.948
865,13,6,6,7,1:15.983,1:14.911,1:15.049
865,8,208,9,8,1:15.889,1:15.322,1:15.199
865,813,3,18,9,1:16.017,1:15.026,1:15.245
866,20,9,1,1,1:14.661,1:14.187,1:13.784
866,1,1,4,2,1:14.891,1:14.371,1:14.087
866,4,6,5,3,1:14.916,1:14.314,1:14.151
866,3,131,8,5,1:15.098,1:14.568,1:14.411
866,13,6,6,6,1:15.194,1:14.641,1:14.465
866,154,208,10,7,1:15.163,1:14.627,1:14.645
866,18,1,3,10,1:14.799,1:14.680,1:15.182
867,20,9,1,1,1:39.626,1:38.530,1:38.086
867,1,1,4,2,1:39.169,1:38.616,1:38.410
867,813,3,18,3,1:38.825,1:38.570,1:38.475
867,154,208,10,4,1:39.530,1:38.489,1:38.505
867,8,208,9,5,1:39.464,1:38.531,1:38.513
867,3,131,8,6,1:39.061,1:38.504,1:38.623
867,155,15,14,7,1:39.651,1:38.703,1:38.741
867,807,10,12,8,1:39.009,1:38.689,1:38.752
867,18,1,3,9,1:39.622,1:38.563,1:38.801
868,4,6,5,1,1:46.515,1:56.921,1:51.746
868,20,9,1,4,1:46.279,1:56.931,1:52.199
868,13,6,6,5,1:47.401,1:56.388,1:53.065
868,8,208,9,6,1:47.309,1:56.469,1:53.290
868,813,3,18,7,1:46.449,1:56.802,1:53.539
868,1,1,4,8,1:47.433,1:54.897,1:53.543
868,807,10,12,9,1:46.334,1:55.556,1:54.382
869,4,6,5,1,1:16.073,1:38.521,1:40.621
869,20,9,1,2,1:16.393,1:38.309,1:41.026
869,807,10,12,5,1:16.271,1:39.467,1:43.501
869,813,3,18,6,1:16.181,1:38.731,1:43.950
869,18,1,3,7,1:16.507,1:38.659,1:44.113
869,1,1,4,8,1:16.221,1:37.365,1:44.186
869,8,208,9,10,1:15.693,1:39.729,1:45.811
870,1,1,4,1,1:21.794,1:21.060,1:20.953
870,154,208,10,2,1:22.755,1:21.657,1:21.366
870,20,9,1,3,1:22.948,1:21.407,1:21.416
870,18,1,3,4,1:22.028,1:21.618,1:21.583
870,8,208,9,5,1:22.234,1:21.583,1:21.730
870,4,6,5,6,1:22.095,1:21.598,1:21.844
870,13,6,6,7,1:22.203,1:21.534,1:21.900
870,813,3,18,8,1:22.475,1:21.504,1:21.939
870,807,10,12,10,1:22.176,1:21.653,1:22.847
871,18,1,3,1,1:49.250,1:47.654,1:47.573
871,155,15,14,2,1:49.686,1:48.569,1:47.871
871,813,3,18,3,1:48.993,1:48.780,1:47.893
871,8,208,9,4,1:49.546,1:48.414,1:48.205
871,815,15,15,5,1:49.642,1:47.980,1:48.219
871,4,6,5,6,1:49.401,1:48.598,1:48.313
871,1,1,4,8,1:49.605,1:48.563,1:48.394
871,154,208,10,9,1:50.126,1:48.714,1:48.538
872,1,1,4,1,1:24.211,1:24.394,1:24.010
872,18,1,3,2,1:24.672,1:24.255,1:24.133
872,13,6,6,3,1:24.882,1:24.505,1:24.247
872,20,9,1,6,1:25.011,1:24.687,1:24.802
872,3,131,8,7,1:24.689,1:24.515,1:24.833
872,8,208,9,8,1:25.151,1:24.742,1:24.855
872,155,15,14,9,1:25.317,1:24.683,1:25.109
872,4,6,5,10,1:24.175,1:24.242,1:25.678
873,1,1,4,1,1:48.285,1:46.665,1:46.362
873,813,3,18,2,1:49.494,1:47.602,1:46.804
873,20,9,1,3,1:48.240,1:46.791,1:46.905
873,18,1,3,4,1:49.381,1:47.661,1:46.939
873,4,6,5,5,1:49.391,1:47.567,1:47.216
873,154,208,10,8,1:47.688,1:47.529,1:47.788
874,20,9,1,1,1:32.608,1:31.501,1:30.839
874,18,1,3,3,1:33.077,1:31.772,1:31.290
874,155,15,14,4,1:32.042,1:31.886,1:31.700
874,154,208,10,5,1:32.029,1:31.988,1:31.898
874,815,15,15,6,1:32.147,1:32.169,1:32.022
874,4,6,5,7,1:32.459,1:31.833,1:32.114
874,8,208,9,8,1:32.221,1:31.826,1:32.208
874,1,1,4,9,1:33.061,1:32.121,1:32.327
875,20,9,1,2,1:38.208,1:37.767,1:37.316
875,1,1,4,3,1:39.180,1:38.000,1:37.469
875,4,6,5,4,1:39.144,1:37.987,1:37.534
875,8,208,9,5,1:38.887,1:38.227,1:37.625
875,13,6,6,6,1:38.937,1:38.253,1:37.884
875,154,208,10,7,1:38.863,1:38.275,1:37.934
875,807,10,12,8,1:38.981,1:38.428,1:38.266
875,3,131,8,9,1:38.999,1:38.417,1:38.361
876,20,9,1,1,1:26.387,1:25.435,1:25.283
876,1,1,4,3,1:26.516,1:25.816,1:25.544
876,18,1,3,4,1:26.564,1:25.467,1:25.659
876,4,6,5,5,1:26.829,1:25.834,1:25.773
876,13,6,6,6,1:26.939,1:26.111,1:25.857
876,8,208,9,7,1:26.740,1:26.101,1:26.236
876,815,15,15,8,1:27.179,1:26.076,1:26.360
876,813,3,18,9,1:26.048,1:25.983,1:26.713
877,1,1,4,1,1:41.497,1:40.901,1:40.630
877,20,9,1,3,1:42.160,1:41.511,1:41.073
877,813,3,18,4,1:41.981,1:41.907,1:41.226
877,8,208,9,5,1:42.222,1:41.532,1:41.260
877,18,1,3,6,1:42.342,1:41.873,1:41.290
877,4,6,5,7,1:41.939,1:41.514,1:41.582
877,3,131,8,8,1:41.926,1:41.698,1:41.603
877,13,6,6,9,1:41.974,1:41.846,1:41.723
877,154,208,10,10,1:42.046,1:41.620,1:41.778
878,20,9,1,1,1:36.558,1:35.796,1:35.657
878,1,1,4,2,1:37.058,1:36.795,1:35.766
878,154,208,10,4,1:37.486,1:36.906,1:36.587
878,8,208,9,5,1:38.051,1:37.404,1:36.708
878,13,6,6,7,1:37.667,1:36.549,1:36.937
878,807,10,12,8,1:37.756,1:37.066,1:37.141
878,4,6,5,9,1:37.968,1:37.123,1:37.300
878,813,3,18,10,1:37.537,1:37.011,1:37.842
879,1,1,4,1,1:15.075,1:13.398,1:12.458
879,18,1,3,2,1:15.456,1:13.515,1:12.513
879,20,9,1,4,1:15.644,1:13.209,1:12.760
879,13,6,6,5,1:16.263,1:14.048,1:12.987
879,813,3,18,6,1:16.266,1:13.698,1:13.174
879,807,10,12,7,1:15.536,1:13.704,1:13.206
879,4,6,5,8,1:16.097,1:13.856,1:13.253
879,8,208,9,9,1:16.432,1:13.698,1:13.298
879,3,131,8,10,1:15.929,1:13.848,1:13.489
880,20,9,1,1,1:44.657,1:36.745,1:27.407
880,1,131,10,3,1:45.456,1:36.625,1:28.087
880,13,6,4,4,1:44.635,1:36.666,1:28.490
880,4,6,3,5,1:43.850,1:36.691,1:28.493
880,3,131,9,6,1:43.380,1:36.194,1:28.523
880,8,208,7,7,1:45.545,1:37.517,1:28.738
880,154,208,8,8,1:44.284,1:37.641,1:29.013
880,18,1,5,10,1:44.688,1:36.644,1:30.357
881,20,9,1,1,1:37.899,1:37.245,1:49.674
881,13,6,4,2,1:37.712,1:36.874,1:50.587
881,4,6,3,3,1:37.314,1:36.877,1:50.727
881,1,131,10,4,1:37.513,1:36.517,1:51.699
881,3,131,9,6,1:37.239,1:36.190,1:52.519
881,8,208,7,7,1:36.959,1:36.640,1:52.970
881,18,1,5,8,1:37.487,1:37.117,1:53.175
881,16,10,15,9,1:36.809,1:36.834,1:53.439
881,815,1,6,10,1:37.702,1:37.342,1:54.136
882,1,131,10,1,1:35.793,1:35.078,1:34.484
882,8,208,7,2,1:37.046,1:35.659,1:34.761
882,4,6,3,3,1:36.253,1:35.148,1:34.788
882,3,131,9,4,1:35.959,1:35.537,1:34.861
882,13,6,4,5,1:35.972,1:35.403,1:34.933
882,154,208,8,6,1:36.929,1:36.065,1:35.364
882,817,5,19,7,1:36.993,1:36.258,1:35.998
882,18,1,5,8,1:36.667,1:35.784,2:05.673
883,3,131,9,1,1:33.364,1:32.867,1:32.330
883,20,9,1,2,1:33.327,1:32.746,1:32.584
883,4,6,3,3,1:32.878,1:33.316,1:32.667
883,1,131,10,4,1:33.498,1:33.346,1:32.762
883,13,6,4,6,1:33.780,1:33.358,1:33.207
883,16,10,15,8,1:34.048,1:33.378,1:33.246
883,8,208,7,9,1:33.827,1:33.146,1:33.327
884,3,131,9,1,1:21.913,1:21.776,1:20.718
884,1,131,10,2,1:21.728,1:21.001,1:20.972
884,20,9,1,3,1:22.158,1:21.602,1:21.054
884,8,208,7,4,1:22.210,1:21.676,1:21.177
884,4,6,3,5,1:22.264,1:21.646,1:21.218
884,13,6,4,6,1:22.492,1:21.978,1:21.219
884,154,208,8,7,1:22.613,1:21.998,1:21.308
884,815,1,6,9,1:23.116,1:21.790,1:22.069
885,3,131,9,1,1:24.620,1:16.135,1:13.876
885,1,131,10,2,1:23.779,1:16.265,1:13.967
885,20,9,1,3,1:24.243,1:15.988,1:13.980
885,8,208,7,5,1:25.835,1:16.040,1:14.822
885,4,6,3,6,1:23.712,1:16.510,1:14.824
885,815,1,6,7,1:24.682,1:17.748,1:15.138
885,16,10,15,8,1:25.108,1:17.261,1:15.383
885,18,1,5,9,1:23.744,1:17.420,1:15.647
885,818,5,18,10,1:23.699,1:17.623,1:15.703
886,20,9,1,1,1:22.318,1:28.166,1:25.425
886,1,131,10,2,1:23.801,1:27.649,1:25.512
886,822,3,17,3,1:23.446,1:28.419,1:25.897
886,3,131,9,4,1:23.840,1:28.420,1:26.008
886,4,6,3,6,1:23.224,1:28.788,1:26.504
886,818,5,18,7,1:24.159,1:28.527,1:26.543
886,16,10,15,8,1:24.551,1:28.799,1:27.348
886,8,208,7,9,1:24.451,1:28.667,1:27.432
886,817,5,19,10,1:24.770,1:29.359,1:27.946
887,1,131,10,1,1:30.995,1:31.224,1:29.607
887,3,131,9,2,1:31.355,1:31.028,1:30.059
887,20,9,1,3,1:31.559,1:30.990,1:30.211
887,817,5,19,6,1:32.097,1:31.182,1:30.757
887,16,10,15,7,1:32.002,1:31.097,1:30.908
887,154,208,8,8,1:31.466,1:31.530,1:30.955
887,8,208,7,9,1:31.400,1:31.592,1:30.962
887,4,6,3,10,1:32.266,1:31.387,1:30.979
888,1,131,10,1,1:31.131,1:30.152,1:29.398
888,20,9,1,2,1:31.269,1:29.992,1:29.501
888,8,208,7,4,1:30.676,1:29.852,1:29.892
888,154,208,8,5,1:31.242,1:30.005,1:29.959
888,817,5,19,6,1:31.081,1:30.223,1:30.528
888,13,6,4,7,1:30.547,1:29.825,1:31.126
888,4,6,3,8,1:30.709,1:29.962,1:31.209
890,1,131,10,1,1:20.363,1:19.862,1:19.388
890,20,9,1,2,1:20.646,1:19.992,1:19.426
890,154,208,8,3,1:20.447,1:20.101,1:19.595
890,3,131,9,4,1:20.350,1:19.778,1:19.720
890,4,6,3,5,1:20.652,1:20.183,1:19.791
890,8,208,7,6,1:20.867,1:20.243,1:19.851
890,13,6,4,7,1:21.004,1:20.460,1:19.929
890,817,5,19,8,1:21.181,1:20.527,1:20.641
890,815,1,6,9,1:21.612,1:20.545,1:22.398
891,1,131,10,1,2:00.368,1:49.067,2:01.012
891,20,9,1,2,2:01.863,1:48.646,2:01.200
891,3,131,9,4,2:01.099,1:48.552,2:02.251
891,18,1,5,6,2:01.301,1:48.641,2:03.075
891,154,208,8,7,2:02.476,1:48.649,2:03.081
891,8,208,7,8,2:01.151,1:48.296,2:03.390
891,4,6,3,9,2:00.190,1:48.309,2:03.482
891,13,6,4,10,2:01.462,1:49.020,2:04.059
892,20,9,1,1,1:24.319,1:23.977,1:23.755
892,807,15,11,3,1:24.776,1:24.305,1:24.065
892,13,6,4,4,1:24.950,1:24.479,1:24.132
892,4,6,3,5,1:24.661,1:24.227,1:24.142
892,3,131,9,6,1:24.527,1:24.393,1:24.192
892,817,5,19,7,1:24.655,1:24.290,1:24.209
892,815,1,6,8,1:24.635,1:24.592,1:24.502
892,18,1,5,9,1:24.739,1:24.563,1:24.515
892,818,5,18,10,1:24.630,1:24.575,1:28.050
893,20,9,1,1,1:45.376,1:42.905,1:42.841
893,3,131,9,2,1:45.208,1:43.892,1:42.932
893,154,208,8,3,1:45.851,1:43.957,1:43.058
893,1,131,10,5,1:44.196,1:43.920,1:43.254
893,13,6,4,6,1:45.658,1:44.376,1:43.890
893,4,6,3,7,1:45.115,1:44.153,1:43.938
893,18,1,5,8,1:45.009,1:44.497,1:44.282
893,817,5,19,9,1:45.379,1:44.407,1:44.439
894,20,9,1,1,1:38.683,1:37.569,1:37.202
894,1,131,10,2,1:38.574,1:37.824,1:37.420
894,154,208,8,4,1:39.065,1:38.076,1:37.531
894,3,131,9,5,1:38.418,1:38.031,1:37.679
894,4,6,3,6,1:38.520,1:37.978,1:38.038
894,13,6,4,7,1:38.884,1:38.295,1:38.223
894,807,15,11,8,1:38.427,1:37.913,1:38.237
894,821,15,12,9,1:38.725,1:38.327,1:38.405
894,8,208,7,10,1:38.341,1:38.181,1:38.822
895,20,9,1,2,1:32.397,1:31.290,1:31.089
895,1,131,10,3,1:32.340,1:31.636,1:31.253
895,154,208,8,4,1:31.824,1:31.565,1:31.365
895,13,6,4,5,1:31.994,1:31.668,1:31.378
895,3,131,9,6,1:32.244,1:31.764,1:31.397
895,807,15,11,7,1:32.465,1:31.848,1:31.644
895,4,6,3,8,1:32.371,1:31.828,1:31.665
895,8,208,7,9,1:32.377,1:31.662,1:31.684
895,18,1,5,10,1:32.606,1:31.838,1:31.827
896,20,9,1,1,1:25.943,1:24.568,1:24.119
896,3,131,9,2,1:25.833,1:25.304,1:24.871
896,1,131,10,3,1:25.802,1:25.259,1:24.941
896,13,6,4,5,1:25.793,1:25.389,1:25.201
896,8,208,7,6,1:25.819,1:25.191,1:25.248
896,807,15,11,7,1:25.883,1:25.339,1:25.334
896,4,6,3,8,1:25.934,1:24.885,1:25.826
896,815,1,6,9,1:26.107,1:25.365,1:26.153
896,18,1,5,10,1:25.574,1:25.458,1:26.487
897,20,9,1,2,1:41.683,1:40.781,1:40.075
897,3,131,9,3,1:41.420,1:40.473,1:40.419
897,1,131,10,4,1:40.693,1:40.477,1:40.501
897,8,208,7,5,1:41.276,1:40.971,1:40.542
897,807,15,11,6,1:41.631,1:40.931,1:40.576
897,154,208,8,7,1:41.447,1:40.948,1:40.997
897,13,6,4,8,1:41.254,1:40.989,1:41.015
897,815,1,6,9,1:41.687,1:40.812,1:41.068
897,817,5,19,10,1:41.884,1:40.852,1:41.111
898,20,9,1,1,1:38.516,1:37.065,1:36.338
898,154,208,8,3,1:38.676,1:37.523,1:37.155
898,807,15,11,4,1:38.339,1:37.828,1:37.296
898,1,131,10,5,1:37.959,1:37.854,1:37.345
898,4,6,3,6,1:38.929,1:37.368,1:37.376
898,815,1,6,7,1:38.367,1:38.040,1:37.452
898,822,3,17,9,1:37.821,1:37.439,1:37.836
898,821,15,12,10,1:38.082,1:38.031,1:38.034
899,20,9,1,1,1:25.381,1:26.420,1:26.479
899,3,131,9,2,1:25.556,1:26.626,1:27.102
899,4,6,3,3,1:26.656,1:26.590,1:27.539
899,1,131,10,5,1:25.342,1:26.698,1:27.677
899,154,208,8,6,1:26.453,1:26.161,1:27.737
899,817,5,19,7,1:27.209,1:27.078,1:28.052
899,818,5,18,8,1:27.124,1:27.363,1:28.081
899,13,6,4,9,1:26.817,1:27.049,1:28.109
899,807,15,11,10,1:26.071,1:27.441,1:29.582
900,1,131,44,1,1:31.699,1:42.890,1:44.231
900,817,9,3,2,1:30.775,1:42.295,1:44.548
900,3,131,6,3,1:32.564,1:42.264,1:44.595
900,825,1,20,4,1:30.949,1:43.247,1:45.745
900,4,6,14,5,1:31.388,1:42.805,1:45.819
900,818,5,25,6,1:33.488,1:43.849,1:45.864
900,807,10,27,7,1:33.893,1:43.658,1:46.030
900,826,5,26,8,1:33.777,1:44.331,1:47.368
900,13,3,19,9,1:31.228,1:44.242,1:48.079
900,822,3,77,10,1:31.601,1:43.852,1:48.147
901,1,131,44,1,1:57.202,1:59.041,1:59.431
901,20,9,1,2,1:57.654,1:59.399,1:59.486
901,3,131,6,3,1:57.183,1:59.445,2:00.050
901,4,6,14,4,1:58.889,2:01.356,2:00.175
901,817,9,3,5,1:58.913,2:00.147,2:00.541
901,8,6,7,6,1:59.257,2:01.532,2:01.218
901,807,10,27,7,1:58.883,2:00.839,2:01.712
901,825,1,20,8,2:00.356,2:02.094,2:02.213
901,818,5,25,9,2:01.689,2:02.096,2:03.078
901,18,1,22,10,2:00.889,2:01.810,2:04.053
902,3,131,6,1,1:35.439,1:33.708,1:33.185
902,1,131,44,2,1:35.323,1:33.872,1:33.464
902,817,9,3,3,1:36.220,1:34.592,1:34.051
902,822,3,77,4,1:34.934,1:34.842,1:34.247
902,815,10,11,5,1:34.998,1:34.747,1:34.346
902,8,6,7,6,1:35.234,1:34.925,1:34.368
902,18,1,22,7,1:35.699,1:34.714,1:34.387
902,13,3,19,8,1:35.085,1:34.842,1:34.511
902,825,1,20,9,1:35.288,1:34.904,1:34.712
902,4,6,14,10,1:35.251,1:34.723,1:34.992
903,1,131,44,1,1:55.516,1:54.029,1:53.860
903,817,9,3,2,1:56.641,1:55.302,1:54.455
903,20,9,1,3,1:55.926,1:54.499,1:54.960
903,3,131,6,4,1:56.058,1:55.294,1:55.143
903,4,6,14,5,1:56.961,1:55.765,1:55.637
903,13,3,19,6,1:56.850,1:56.757,1:56.147
903,822,3,77,7,1:56.501,1:56.253,1:56.282
903,807,10,27,8,1:55.913,1:56.847,1:56.366
903,818,5,25,9,1:57.477,1:56.584,1:56.773
903,154,208,8,10,1:58.411,1:56.407,1:57.079
904,1,131,44,1,1:27.238,1:26.210,1:25.232
904,3,131,6,2,1:26.764,1:26.088,1:25.400
904,817,9,3,3,1:28.053,1:26.613,1:26.285
904,822,3,77,4,1:28.198,1:27.563,1:26.632
904,154,208,8,5,1:28.472,1:27.258,1:26.960
904,8,6,7,6,1:28.308,1:27.335,1:27.104
904,4,6,14,7,1:28.329,1:27.602,1:27.140
904,18,1,22,8,1:28.279,1:27.570,1:27.335
904,13,3,19,9,1:28.061,1:27.016,1:27.402
905,3,131,6,1,1:17.678,1:16.465,1:15.989
905,1,131,44,2,1:17.823,1:16.354,1:16.048
905,817,9,3,3,1:17.900,1:17.233,1:16.384
905,20,9,1,4,1:18.383,1:17.074,1:16.547
905,4,6,14,5,1:17.853,1:17.200,1:16.686
905,8,6,7,6,1:17.902,1:17.398,1:17.389
905,818,5,25,7,1:17.557,1:17.657,1:17.540
905,825,1,20,8,1:17.978,1:17.609,1:17.555
905,826,5,26,9,1:18.616,1:17.594,1:18.090
905,815,10,11,10,1:18.108,1:17.755,1:18.327
906,3,131,6,1,1:16.471,1:15.289,1:14.874
906,1,131,44,2,1:15.750,1:15.054,1:14.953
906,20,9,1,3,1:17.470,1:16.109,1:15.548
906,822,3,77,4,1:16.772,1:15.806,1:15.550
906,13,3,19,5,1:16.666,1:15.773,1:15.578
906,817,9,3,6,1:17.113,1:15.897,1:15.589
906,4,6,14,7,1:17.010,1:16.131,1:15.814
906,818,5,25,8,1:17.178,1:16.255,1:16.162
906,18,1,22,9,1:16.631,1:16.214,1:16.182
906,8,6,7,10,1:17.013,1:16.245,1:16.214
907,13,3,19,1,1:10.292,1:09.239,1:08.759
907,822,3,77,2,1:10.356,1:09.096,1:08.846
907,3,131,6,3,1:09.695,1:08.974,1:08.944
907,4,6,14,4,1:10.405,1:09.479,1:09.285
907,817,9,3,5,1:10.395,1:09.638,1:09.466
907,825,1,20,6,1:10.081,1:09.473,1:09.515
907,826,5,26,7,1:09.678,1:09.490,1:09.619
907,8,6,7,8,1:10.285,1:09.657,1:10.795
908,3,131,6,1,1:40.380,1:35.179,1:35.766
908,20,9,1,2,1:45.086,1:36.410,1:37.386
908,18,1,22,3,1:44.425,1:36.579,1:38.200
908,807,10,27,4,1:41.271,1:37.112,1:38.329
908,825,1,20,5,1:42.507,1:37.370,1:38.417
908,1,131,44,6,1:41.058,1:34.870,1:39.232
908,815,10,11,7,1:42.146,1:37.350,1:40.457
908,817,9,3,8,1:44.710,1:38.166,1:40.606
908,826,5,26,9,1:41.032,1:36.813,1:40.707
908,818,5,25,10,1:43.040,1:37.800,1:40.855
909,3,131,6,1,1:17.631,1:17.109,1:16.540
909,822,3,77,2,1:18.215,1:17.353,1:16.759
909,13,3,19,3,1:18.381,1:17.370,1:17.078
909,825,1,20,4,1:18.260,1:17.788,1:17.214
909,817,9,3,5,1:18.117,1:17.855,1:17.273
909,20,9,1,6,1:18.194,1:17.646,1:17.577
909,4,6,14,7,1:18.389,1:17.866,1:17.649
909,826,5,26,8,1:18.530,1:18.103,1:17.965
909,807,10,27,9,1:18.927,1:18.017,1:18.014
909,815,10,11,10,1:18.916,1:18.161,1:18.035
910,3,131,6,1,1:25.227,1:23.310,1:22.715
910,20,9,1,2,1:25.662,1:23.606,1:23.201
910,822,3,77,3,1:25.690,1:23.776,1:23.354
910,817,9,3,4,1:25.495,1:23.676,1:23.391
910,4,6,14,5,1:26.087,1:24.249,1:23.909
910,13,3,19,6,1:26.592,1:24.030,1:24.223
910,18,1,22,7,1:26.612,1:24.502,1:24.294
910,818,5,25,8,1:24.941,1:24.637,1:24.720
910,807,10,27,9,1:26.149,1:24.647,1:24.775
911,3,131,6,1,2:07.130,2:06.723,2:05.591
911,1,131,44,2,2:07.280,2:06.609,2:05.819
911,20,9,1,3,2:10.105,2:08.868,2:07.717
911,4,6,14,4,2:10.197,2:08.450,2:07.786
911,817,9,3,5,2:10.089,2:08.989,2:07.911
911,822,3,77,6,2:09.250,2:08.451,2:08.049
911,825,1,20,7,2:11.081,2:08.901,2:08.679
911,8,6,7,8,2:09.885,2:08.646,2:08.780
911,13,3,19,9,2:08.403,2:08.833,2:09.178
911,18,1,22,10,2:10.529,2:09.272,2:09.776
912,1,131,44,1,1:25.363,1:24.560,1:24.109
912,3,131,6,2,1:25.493,1:24.600,1:24.383
912,822,3,77,3,1:26.012,1:24.858,1:24.697
912,13,3,19,4,1:25.528,1:25.046,1:24.865
912,825,1,20,5,1:26.337,1:25.973,1:25.314
912,18,1,22,6,1:26.328,1:25.630,1:25.379
912,4,6,14,7,1:26.514,1:25.525,1:25.430
912,20,9,1,8,1:26.631,1:25.769,1:25.436
912,817,9,3,9,1:26.721,1:25.946,1:25.709
912,815,10,11,10,1:26.569,1:25.863,1:25.944
913,1,131,44,1,1:46.921,1:46.287,1:45.681
913,3,131,6,2,1:47.244,1:45.825,1:45.688
913,817,9,3,3,1:47.488,1:46.493,1:45.854
913,20,9,1,4,1:47.476,1:46.586,1:45.902
913,4,6,14,5,1:46.889,1:46.328,1:45.907
913,13,3,19,6,1:47.615,1:46.472,1:46.000
913,8,6,7,7,1:46.685,1:46.359,1:46.170
913,822,3,77,8,1:47.196,1:46.622,1:46.187
913,825,1,20,9,1:47.976,1:46.700,1:46.250
913,826,5,26,10,1:47.656,1:46.926,1:47.362
914,3,131,6,1,1:33.671,1:32.950,1:32.506
914,1,131,44,2,1:33.611,1:32.982,1:32.703
914,822,3,77,3,1:34.301,1:33.443,1:33.128
914,13,3,19,4,1:34.483,1:33.551,1:33.527
914,4,6,14,5,1:34.497,1:33.675,1:33.740
914,817,9,3,6,1:35.593,1:34.466,1:34.075
914,825,1,20,7,1:34.930,1:34.229,1:34.242
914,18,1,22,8,1:35.150,1:34.648,1:34.317
914,20,9,1,9,1:35.517,1:34.784,1:34.432
914,8,6,7,10,1:34.984,1:34.771,1:34.548
915,1,131,44,1,1:38.759,1:38.338,1:38.513
915,3,131,6,2,1:39.076,1:38.606,1:38.713
915,822,3,77,3,1:39.125,1:38.971,1:38.920
915,18,1,22,4,1:39.560,1:39.381,1:39.121
915,826,5,26,5,1:40.074,1:39.296,1:39.277
915,825,1,20,6,1:39.735,1:39.022,1:39.629
915,817,9,3,7,1:40.519,1:39.666,1:39.635
915,4,6,14,8,1:40.255,1:39.786,1:39.709
915,8,6,7,9,1:40.098,1:39.838,1:39.771
915,818,5,25,10,1:40.354,1:39.929,1:40.020
916,3,131,6,1,1:38.303,1:36.290,1:36.067
916,1,131,44,2,1:37.196,1:37.287,1:36.443
916,822,3,77,3,1:38.249,1:37.499,1:36.906
916,13,3,19,4,1:37.877,1:37.347,1:37.205
916,817,9,3,5,1:38.814,1:37.873,1:37.244
916,4,6,14,6,1:38.349,1:38.010,1:37.610
916,18,1,22,7,1:38.574,1:38.024,1:37.655
916,825,1,20,8,1:38.557,1:38.047,1:37.706
916,8,6,7,9,1:38.669,1:38.263,1:37.804
916,16,15,99,10,1:38.855,1:38.378,1:38.810
917,3,131,6,1,1:10.347,1:10.303,1:10.023
917,1,131,44,2,1:10.457,1:10.712,1:10.056
917,13,3,19,3,1:10.602,1:10.343,1:10.247
917,822,3,77,4,1:10.832,1:10.421,1:10.305
917,18,1,22,5,1:11.097,1:11.127,1:10.930
917,20,9,1,6,1:11.880,1:11.129,1:10.938
917,825,1,20,7,1:11.134,1:11.211,1:10.969
917,4,6,14,8,1:11.558,1:11.215,1:10.977
917,817,9,3,9,1:11.593,1:11.208,1:11.075
917,8,6,7,10,1:11.193,1:11.188,1:11.099
918,4,6,14,8,1:42.467,1:41.940,1:42.866
918,8,6,7,7,1:42.439,1:42.168,1:42.236
918,18,1,22,6,1:42.137,1:41.875,1:41.964
918,826,5,26,5,1:42.302,1:42.082,1:41.908
918,13,3,19,4,1:41.475,1:41.144,1:41.119
918,822,3,77,3,1:42.346,1:41.376,1:41.025
918,1,131,44,2,1:41.207,1:40.920,1:40.866
918,3,131,6,1,1:41.308,1:41.459,1:40.480
926,1,131,44,1,1:28.586,1:26.894,1:26.327
926,3,131,6,2,1:28.906,1:27.097,1:26.921
926,13,3,19,3,1:29.246,1:27.895,1:27.718
926,20,6,5,4,1:29.307,1:27.742,1:27.757
926,8,6,7,5,1:29.754,1:27.807,1:27.790
926,822,3,77,6,1:29.641,1:27.796,1:28.087
926,817,9,3,7,1:29.788,1:28.679,1:28.329
926,832,5,55,8,1:29.597,1:28.601,1:28.510
926,154,208,8,9,1:29.537,1:28.589,1:28.560
926,813,208,13,10,1:29.847,1:28.726,1:29.480
927,1,131,44,1,1:39.269,1:41.517,1:49.834
927,20,6,5,2,1:39.814,1:39.632,1:49.908
927,3,131,6,3,1:39.374,1:39.377,1:50.299
927,817,9,3,4,1:40.504,1:41.085,1:51.541
927,826,9,26,5,1:40.546,1:41.665,1:51.951
927,830,5,33,6,1:40.793,1:41.430,1:51.981
927,13,3,19,7,1:40.543,1:41.230,1:52.473
927,154,208,8,8,1:40.303,1:41.209,1:52.981
927,822,3,77,9,1:40.249,1:40.650,1:53.179
927,828,15,9,10,1:40.340,1:41.748,1:53.261
928,1,131,44,1,1:38.285,1:36.423,1:35.782
928,3,131,6,2,1:38.496,1:36.747,1:35.828
928,20,6,5,3,1:37.502,1:36.957,1:36.687
928,13,3,19,4,1:38.433,1:37.357,1:36.954
928,822,3,77,5,1:38.014,1:37.763,1:37.143
928,8,6,7,6,1:37.790,1:37.109,1:37.232
928,817,9,3,7,1:38.534,1:37.939,1:37.540
928,154,208,8,8,1:38.209,1:38.063,1:37.905
928,831,15,12,9,1:38.521,1:38.017,1:38.067
928,828,15,9,10,1:38.941,1:38.127,1:38.158
929,1,131,44,1,1:33.928,1:32.669,1:32.571
929,20,6,5,2,1:34.919,1:33.623,1:32.982
929,3,131,6,3,1:34.398,1:33.878,1:33.129
929,8,6,7,4,1:34.568,1:33.540,1:33.227
929,822,3,77,5,1:34.161,1:33.897,1:33.381
929,13,3,19,6,1:34.488,1:33.551,1:33.744
929,817,9,3,7,1:34.691,1:34.403,1:33.832
929,807,10,27,8,1:35.653,1:34.613,1:34.450
929,832,5,55,9,1:35.371,1:34.641,1:34.462
929,154,208,8,10,1:35.007,1:34.123,1:34.484
930,3,131,6,1,1:26.490,1:25.166,1:24.681
930,1,131,44,2,1:26.382,1:25.740,1:24.948
930,20,6,5,3,1:27.534,1:26.167,1:25.458
930,822,3,77,4,1:27.262,1:26.197,1:25.694
930,832,5,55,5,1:26.773,1:26.475,1:26.136
930,830,5,33,6,1:27.393,1:26.441,1:26.249
930,8,6,7,7,1:26.637,1:26.016,1:26.414
930,826,9,26,8,1:27.833,1:26.889,1:26.629
930,13,3,19,9,1:27.165,1:26.147,1:26.757
930,817,9,3,10,1:27.611,1:26.692,1:26.770
931,1,131,44,1,1:16.588,1:15.864,1:15.098
931,3,131,6,2,1:16.528,1:15.471,1:15.440
931,20,6,5,3,1:17.502,1:16.181,1:15.849
931,817,9,3,4,1:17.254,1:16.706,1:16.041
931,826,9,26,5,1:16.845,1:16.453,1:16.182
931,8,6,7,6,1:17.660,1:16.440,1:16.427
931,815,10,11,7,1:17.376,1:16.999,1:16.808
931,832,5,55,8,1:17.246,1:16.762,1:16.931
931,813,208,13,9,1:17.630,1:16.775,1:16.946
931,830,5,33,10,1:16.750,1:16.546,1:16.957
932,1,131,44,1,1:15.895,1:14.661,1:14.393
932,3,131,6,2,1:15.893,1:14.673,1:14.702
932,8,6,7,3,1:16.259,1:15.348,1:15.014
932,822,3,77,4,1:16.552,1:15.506,1:15.102
932,154,208,8,5,1:15.833,1:15.187,1:15.194
932,813,208,13,6,1:16.098,1:15.622,1:15.329
932,807,10,27,7,1:16.186,1:15.706,1:15.614
932,826,9,26,8,1:16.415,1:15.891,1:16.079
932,817,9,3,9,1:16.410,1:16.006,1:16.114
932,815,10,11,10,1:16.827,1:15.974,1:16.338
933,1,131,44,1,1:12.218,1:09.062,1:08.455
933,3,131,6,2,1:10.976,1:08.634,1:08.655
933,20,6,5,3,1:11.184,1:09.392,1:08.810
933,13,3,19,4,1:11.830,1:09.719,1:09.192
933,807,10,27,5,1:11.319,1:09.604,1:09.278
933,822,3,77,6,1:11.894,1:09.598,1:09.319
933,830,5,33,7,1:11.307,1:09.631,1:09.612
933,826,9,26,8,1:12.092,1:10.187,1:09.694
933,831,15,12,9,1:12.001,1:09.652,1:09.713
934,1,131,44,1,1:33.796,1:33.068,1:32.248
934,3,131,6,2,1:33.475,1:32.737,1:32.361
934,13,3,19,3,1:34.542,1:33.707,1:33.085
934,822,3,77,4,1:34.171,1:33.020,1:33.149
934,8,6,7,5,1:33.426,1:33.911,1:33.379
934,20,6,5,6,1:33.562,1:33.641,1:33.547
934,826,9,26,7,1:34.422,1:33.520,1:33.636
934,832,5,55,8,1:34.641,1:34.071,1:33.649
934,807,10,27,9,1:34.594,1:33.693,1:33.673
934,817,9,3,10,1:34.272,1:33.749,1:33.943
936,1,131,44,1,1:22.890,1:22.285,1:22.020
936,3,131,6,2,1:22.979,1:22.775,1:22.595
936,20,6,5,3,1:23.312,1:23.168,1:22.739
936,817,9,3,4,1:24.408,1:23.230,1:22.774
936,8,6,7,5,1:23.596,1:23.460,1:23.020
936,822,3,77,6,1:23.649,1:23.555,1:23.222
936,826,9,26,7,1:23.587,1:23.597,1:23.332
936,13,3,19,8,1:23.895,1:23.598,1:23.537
936,830,5,33,9,1:24.032,1:23.781,1:23.679
936,154,208,8,10,1:24.242,1:23.805,1:24.181
937,1,131,44,1,1:48.908,1:48.024,1:47.197
937,3,131,6,2,1:48.923,1:47.955,1:47.655
937,822,3,77,3,1:49.026,1:49.044,1:48.537
937,154,208,8,4,1:49.353,1:48.981,1:48.561
937,815,10,11,5,1:49.006,1:48.792,1:48.599
937,817,9,3,6,1:49.664,1:49.042,1:48.639
937,13,3,19,7,1:49.688,1:48.806,1:48.685
937,813,208,13,8,1:49.568,1:48.956,1:48.754
937,20,6,5,9,1:49.264,1:48.761,1:48.825
937,832,5,55,10,1:49.109,1:49.065,1:49.771
938,1,131,44,1,1:24.251,1:23.383,1:23.397
938,8,6,7,2,1:24.662,1:23.757,1:23.631
938,20,6,5,3,1:24.989,1:23.577,1:23.685
938,3,131,6,4,1:24.609,1:23.864,1:23.703
938,13,3,19,5,1:25.184,1:23.983,1:23.940
938,822,3,77,6,1:24.979,1:24.313,1:24.127
938,815,10,11,7,1:24.801,1:24.379,1:24.626
938,154,208,8,8,1:25.144,1:24.448,1:25.054
938,807,10,27,9,1:24.937,1:24.510,1:25.317
938,828,15,9,10,1:25.122,1:24.457,1:26.214
939,20,6,5,1,1:46.017,1:44.743,1:43.885
939,817,9,3,2,1:46.166,1:45.291,1:44.428
939,8,6,7,3,1:46.467,1:45.140,1:44.667
939,826,9,26,4,1:45.340,1:44.979,1:44.745
939,1,131,44,5,1:45.765,1:45.650,1:45.300
939,3,131,6,6,1:46.201,1:45.653,1:45.415
939,822,3,77,7,1:46.231,1:45.887,1:45.676
939,830,5,33,8,1:46.483,1:45.635,1:45.798
939,13,3,19,9,1:46.879,1:45.701,1:46.077
939,154,208,8,10,1:46.860,1:45.805,1:46.413
940,3,131,6,1,1:33.015,1:32.632,1:32.584
940,1,131,44,2,1:32.844,1:32.789,1:32.660
940,822,3,77,3,1:34.326,1:33.416,1:33.024
940,20,6,5,4,1:34.431,1:33.844,1:33.245
940,13,3,19,5,1:34.744,1:33.377,1:33.337
940,8,6,7,6,1:34.171,1:33.361,1:33.347
940,817,9,3,7,1:34.399,1:34.153,1:33.497
940,154,208,8,8,1:34.398,1:34.278,1:33.967
941,3,131,6,1,1:38.343,1:37.500,1:37.113
941,1,131,44,2,1:38.558,1:37.672,1:37.433
941,822,3,77,3,1:38.448,1:38.194,1:37.912
941,20,6,5,4,1:38.598,1:38.402,1:37.965
941,8,6,7,5,1:39.207,1:38.224,1:38.348
941,807,10,27,6,1:39.250,1:38.727,1:38.659
941,815,10,11,7,1:39.617,1:38.914,1:38.691
941,154,208,8,8,1:39.056,1:38.754,1:38.787
941,830,5,33,9,1:39.411,1:39.119,1:38.924
941,817,9,3,10,1:39.574,1:39.005,1:39.728
943,3,131,6,1,1:20.436,1:20.053,1:19.480
943,1,131,44,2,1:20.808,1:19.829,1:19.668
943,20,6,5,3,1:20.503,1:20.045,1:19.850
943,826,9,26,4,1:20.826,1:20.490,1:20.398
943,817,9,3,5,1:21.166,1:20.783,1:20.399
943,822,3,77,6,1:20.817,1:20.458,1:20.448
943,13,3,19,7,1:21.379,1:20.642,1:20.567
943,830,5,33,8,1:20.995,1:20.894,1:20.710
943,815,10,11,9,1:20.966,1:20.669,1:20.716
943,807,10,27,10,1:21.315,1:20.935,1:20.788
944,3,131,6,1,1:11.746,1:12.213,1:11.282
944,1,131,44,2,1:11.682,1:11.665,1:11.360
944,20,6,5,3,1:12.240,1:11.928,1:11.804
944,822,3,77,4,1:12.934,1:12.374,1:12.085
944,8,6,7,5,1:12.185,1:12.243,1:12.144
944,807,10,27,6,1:12.595,1:12.485,1:12.265
944,826,9,26,7,1:12.730,1:12.527,1:12.322
944,13,3,19,8,1:12.980,1:12.858,1:12.415
944,817,9,3,9,1:12.639,1:12.825,1:12.417
944,830,5,33,10,1:12.824,1:12.712,1:12.739
945,3,131,6,1,1:41.111,1:40.979,1:40.237
945,1,131,44,2,1:40.974,1:40.758,1:40.614
945,8,6,7,3,1:42.500,1:41.612,1:41.051
945,815,10,11,4,1:41.983,1:41.560,1:41.184
945,817,9,3,5,1:42.275,1:41.830,1:41.444
945,822,3,77,6,1:42.608,1:41.868,1:41.656
945,807,10,27,7,1:41.996,1:41.925,1:41.686
945,13,3,19,8,1:42.303,1:42.349,1:41.759
945,826,9,26,9,1:42.540,1:42.328,1:41.933
945,832,5,55,10,1:42.911,1:42.482,1:42.708
948,1,131,44,1,1:25.351,1:24.605,1:23.837
948,3,131,6,2,1:26.934,1:24.796,1:24.197
948,20,6,5,3,1:26.945,1:25.257,1:24.675
948,8,6,7,4,1:26.579,1:25.615,1:25.033
948,830,5,33,5,1:26.934,1:25.615,1:25.434
948,13,3,19,6,1:25.918,1:25.644,1:25.458
948,832,5,55,7,1:27.057,1:25.384,1:25.582
948,817,9,3,8,1:26.945,1:25.599,1:25.589
949,1,131,44,1,1:31.391,1:30.039,1:29.493
949,3,131,6,2,1:31.325,1:30.535,1:29.570
949,20,6,5,3,1:31.636,1:30.409,1:30.012
949,8,6,7,4,1:31.685,1:30.559,1:30.244
949,817,9,3,5,1:31.403,1:31.122,1:30.854
949,822,3,77,6,1:31.672,1:30.931,1:31.153
949,13,3,19,7,1:32.045,1:31.374,1:31.155
949,807,10,27,8,1:31.987,1:31.604,1:31.620
950,3,131,6,1,1:37.669,1:36.240,1:35.402
950,817,9,3,2,1:37.672,1:36.815,1:35.917
950,8,6,7,3,1:37.347,1:36.118,1:35.972
950,20,6,5,4,1:37.001,1:36.183,1:36.246
950,822,3,77,5,1:37.537,1:36.831,1:36.296
950,826,9,26,6,1:37.719,1:36.948,1:36.399
950,815,10,11,7,1:38.096,1:37.149,1:36.865
950,832,5,55,8,1:37.656,1:37.204,1:36.881
950,830,5,33,9,1:38.181,1:37.265,1:37.194
951,3,131,6,1,1:36.119,1:35.337,1:35.417
951,20,6,5,2,1:36.555,1:36.623,1:36.123
951,822,3,77,3,1:37.746,1:37.140,1:36.536
951,8,6,7,4,1:36.976,1:36.741,1:36.663
951,13,3,19,5,1:37.753,1:37.230,1:37.016
951,817,9,3,6,1:38.091,1:37.569,1:37.125
951,815,10,11,7,1:38.006,1:37.282,1:37.212
951,826,9,26,8,1:38.265,1:37.606,1:37.459
951,830,5,33,9,1:38.123,1:37.510,1:37.583
952,1,131,44,1,1:23.214,1:22.159,1:22.000
952,3,131,6,2,1:23.002,1:22.759,1:22.280
952,817,9,3,3,1:23.749,1:23.585,1:22.680
952,830,9,33,4,1:23.578,1:23.178,1:23.087
952,8,6,7,5,1:23.796,1:23.504,1:23.113
952,20,6,5,6,1:24.124,1:23.688,1:23.334
952,822,3,77,7,1:24.251,1:24.023,1:23.522
952,832,5,55,8,1:24.496,1:24.077,1:23.643
952,815,10,11,9,1:24.698,1:24.003,1:23.782
952,4,1,14,10,1:24.578,1:24.192,1:23.981
953,817,9,3,1,1:14.912,1:14.357,1:13.622
953,3,131,6,2,1:14.873,1:14.043,1:13.791
953,1,131,44,3,1:14.826,1:14.056,1:13.942
953,20,6,5,4,1:14.610,1:14.318,1:14.552
953,807,10,27,5,1:15.333,1:14.989,1:14.726
953,8,6,7,6,1:15.499,1:14.789,1:14.732
953,832,5,55,7,1:15.467,1:14.805,1:14.749
953,815,10,11,8,1:15.328,1:14.937,1:14.902
953,826,5,26,9,1:15.384,1:14.794,1:15.273
953,4,1,14,10,1:15.504,1:15.107,1:15.363
954,1,131,44,1,1:14.121,1:13.076,1:12.812
954,3,131,6,2,1:13.714,1:13.094,1:12.874
954,20,6,5,3,1:13.925,1:13.857,1:12.990
954,817,9,3,4,1:14.030,1:13.540,1:13.166
954,830,9,33,5,1:14.601,1:13.793,1:13.414
954,8,6,7,6,1:14.477,1:13.849,1:13.579
954,822,3,77,7,1:14.389,1:13.791,1:13.670
954,13,3,19,8,1:14.815,1:13.864,1:13.769
954,807,10,27,9,1:14.663,1:14.166,1:13.952
954,4,1,14,10,1:15.026,1:14.260,1:14.338
955,3,131,6,1,1:43.685,1:42.520,1:42.758
955,815,10,11,2,1:44.462,1:43.939,1:43.515
955,817,9,3,3,1:44.570,1:44.141,1:43.966
955,20,6,5,4,1:45.062,1:44.461,1:43.966
955,8,6,7,5,1:44.936,1:44.533,1:44.269
955,13,3,19,6,1:45.494,1:44.696,1:44.483
955,826,5,26,7,1:44.694,1:44.687,1:44.717
955,822,3,77,8,1:44.706,1:44.477,1:45.246
955,830,9,33,9,1:44.939,1:44.387,1:45.570
955,1,131,44,10,1:44.259,1:43.526,2:01.954
956,1,131,44,1,1:06.947,1:06.228,1:07.922
956,3,131,6,2,1:06.516,1:06.403,1:08.465
956,807,10,27,3,1:07.385,1:07.257,1:09.285
956,20,6,5,4,1:06.761,1:06.602,1:09.781
956,18,1,22,5,1:07.653,1:07.572,1:09.900
956,8,6,7,6,1:07.240,1:06.940,1:09.901
956,817,9,3,7,1:07.500,1:06.840,1:09.980
956,822,3,77,8,1:07.148,1:06.911,1:10.440
956,830,9,33,9,1:07.131,1:06.866,1:11.153
956,13,3,19,10,1:07.419,1:07.145,1:11.977
957,1,131,44,1,1:30.739,1:29.243,1:29.287
957,3,131,6,2,1:30.724,1:29.970,1:29.606
957,830,9,33,3,1:31.305,1:30.697,1:30.313
957,817,9,3,4,1:31.684,1:31.319,1:30.618
957,8,6,7,5,1:31.326,1:31.385,1:30.881
957,20,6,5,6,1:31.606,1:30.711,1:31.490
957,822,3,77,7,1:31.913,1:31.478,1:31.557
957,832,5,55,8,1:32.115,1:31.708,1:31.989
957,807,10,27,9,1:32.349,1:31.770,1:32.172
957,4,1,14,10,1:32.281,1:31.740,1:32.343
958,3,131,6,1,1:33.302,1:22.806,1:19.965
958,1,131,44,2,1:34.210,1:24.836,1:20.108
958,817,9,3,3,1:39.968,1:23.234,1:20.280
958,830,9,33,4,1:40.424,1:22.660,1:20.557
958,20,6,5,5,1:35.718,1:24.082,1:20.874
958,832,5,55,6,1:36.115,1:24.734,1:21.131
958,4,1,14,7,1:35.165,1:23.816,1:21.211
958,18,1,22,8,1:37.983,1:24.456,1:21.597
958,807,10,27,9,1:41.471,1:23.901,1:21.823
958,822,3,77,10,1:42.758,1:24.506,1:22.182
959,3,131,6,1,1:15.485,1:14.839,1:14.363
959,1,131,44,2,1:15.243,1:14.748,1:14.470
959,817,9,3,3,1:15.591,1:15.545,1:14.726
959,830,9,33,4,1:15.875,1:15.124,1:14.834
959,8,6,7,5,1:15.752,1:15.242,1:15.142
959,20,6,5,6,1:15.927,1:15.630,1:15.315
959,807,10,27,7,1:16.301,1:15.623,1:15.510
959,822,3,77,8,1:15.952,1:15.490,1:15.530
959,815,10,11,9,1:16.169,1:15.500,1:15.537
959,13,3,19,10,1:16.503,1:15.699,1:15.615
960,3,131,6,1,1:48.019,1:46.999,1:46.744
960,830,9,33,2,1:48.407,1:47.163,1:46.893
960,8,6,7,3,1:47.912,1:47.664,1:46.910
960,20,6,5,4,1:47.802,1:47.944,1:47.108
960,817,9,3,5,1:48.407,1:48.027,1:47.216
960,815,10,11,6,1:48.106,1:47.485,1:47.407
960,807,10,27,7,1:48.080,1:47.317,1:47.543
960,822,3,77,8,1:48.655,1:47.918,1:47.612
960,18,1,22,9,1:48.700,1:48.051,1:48.114
960,13,3,19,10,1:47.738,1:47.667,1:48.263
961,1,131,44,1,1:21.854,1:21.498,1:21.135
961,3,131,6,2,1:22.497,1:21.809,1:21.613
961,20,6,5,3,1:23.077,1:22.275,1:21.972
961,8,6,7,4,1:23.217,1:22.568,1:22.065
961,822,3,77,5,1:23.264,1:22.499,1:22.388
961,817,9,3,6,1:23.158,1:22.638,1:22.389
961,830,9,33,7,1:23.229,1:22.857,1:22.411
961,815,10,11,8,1:23.439,1:22.922,1:22.814
961,807,10,27,9,1:23.259,1:22.951,1:22.836
961,821,210,21,10,1:23.386,1:22.856,1:23.184
962,3,131,6,1,1:45.316,1:43.020,1:42.584
962,817,9,3,2,1:44.255,1:43.933,1:43.115
962,1,131,44,3,1:45.167,1:43.471,1:43.288
962,830,9,33,4,1:45.036,1:44.112,1:43.328
962,8,6,7,5,1:44.964,1:44.159,1:43.540
962,832,5,55,6,1:45.499,1:44.493,1:44.197
962,826,5,26,7,1:45.291,1:44.475,1:44.469
962,807,10,27,8,1:46.081,1:44.737,1:44.479
962,4,1,14,9,1:45.373,1:44.653,1:44.553
962,815,10,11,10,1:45.204,1:44.703,1:44.582
963,1,131,44,1,1:34.444,1:33.046,1:32.850
963,3,131,6,2,1:34.460,1:33.609,1:33.264
963,830,9,33,3,1:35.443,1:33.775,1:33.420
963,817,9,3,4,1:35.079,1:33.888,1:33.467
963,20,6,5,5,1:34.557,1:33.972,1:33.584
963,8,6,7,6,1:34.556,1:33.903,1:33.632
963,815,10,11,7,1:35.068,1:34.538,1:34.319
963,807,10,27,8,1:34.827,1:34.441,1:34.489
963,18,1,22,9,1:35.267,1:34.431,1:34.518
963,13,3,19,10,1:35.267,1:34.422,1:34.671
964,3,131,6,1,1:31.858,1:30.714,1:30.647
964,1,131,44,2,1:32.218,1:31.129,1:30.660
964,8,6,7,3,1:31.674,1:31.406,1:30.949
964,20,6,5,4,1:31.659,1:31.227,1:31.028
964,830,9,33,5,1:32.487,1:31.489,1:31.178
964,817,9,3,6,1:32.538,1:31.719,1:31.240
964,815,10,11,7,1:32.682,1:32.237,1:31.961
964,154,210,8,8,1:32.458,1:32.176,1:31.961
964,807,10,27,9,1:32.448,1:32.200,1:32.142
964,821,210,21,10,1:32.620,1:32.155,1:32.547
965,1,131,44,1,1:36.296,1:36.450,1:34.999
965,3,131,6,2,1:36.397,1:36.351,1:35.215
965,817,9,3,3,1:36.759,1:36.255,1:35.509
965,830,9,33,4,1:36.613,1:36.857,1:35.747
965,8,6,7,5,1:36.985,1:36.584,1:36.131
965,20,6,5,6,1:37.151,1:36.462,1:36.358
965,807,10,27,7,1:36.950,1:36.626,1:36.628
965,822,3,77,8,1:37.456,1:37.202,1:37.116
965,13,3,19,9,1:37.402,1:37.214,1:37.269
965,832,5,55,10,1:37.744,1:37.175,1:37.326
966,1,131,44,1,1:19.447,1:19.137,1:18.704
966,3,131,6,2,1:19.996,1:19.761,1:18.958
966,830,9,33,3,1:19.874,1:18.972,1:19.054
966,817,9,3,4,1:19.713,1:19.553,1:19.133
966,807,10,27,5,1:20.599,1:19.769,1:19.330
966,8,6,7,6,1:19.554,1:19.936,1:19.376
966,20,6,5,7,1:19.865,1:19.385,1:19.381
966,822,3,77,8,1:20.338,1:19.958,1:19.551
966,13,3,19,9,1:20.423,1:20.151,1:20.032
966,832,5,55,10,1:20.457,1:20.169,1:20.378
967,1,131,44,1,1:11.511,1:11.238,1:10.736
967,3,131,6,2,1:11.815,1:11.373,1:10.838
967,8,6,7,3,1:12.100,1:12.301,1:11.404
967,830,9,33,4,1:11.957,1:11.834,1:11.485
967,20,6,5,5,1:12.159,1:12.010,1:11.495
967,817,9,3,6,1:12.409,1:12.047,1:11.540
967,154,210,8,7,1:12.893,1:12.343,1:11.937
967,807,10,27,8,1:12.428,1:12.360,1:12.104
967,815,10,11,9,1:12.684,1:12.331,1:12.165
967,4,1,14,10,1:12.700,1:12.312,1:12.266
968,1,131,44,1,1:39.487,1:39.382,1:38.755
968,3,131,6,2,1:40.511,1:39.490,1:39.058
968,817,9,3,3,1:41.002,1:40.429,1:39.589
968,8,6,7,4,1:40.338,1:39.629,1:39.604
968,20,6,5,5,1:40.341,1:40.034,1:39.661
968,830,9,33,6,1:40.424,1:39.903,1:39.818
968,807,10,27,7,1:41.000,1:40.709,1:40.501
968,815,10,11,8,1:40.864,1:40.743,1:40.519
968,4,1,14,9,1:41.616,1:41.044,1:41.106
968,13,3,19,10,1:41.157,1:40.858,1:41.213
969,1,131,44,1,1:24.191,1:23.251,1:22.188
969,20,6,5,2,1:25.210,1:23.401,1:22.456
969,822,131,77,3,1:24.514,1:23.215,1:22.481
969,8,6,7,4,1:24.352,1:23.376,1:23.033
969,830,9,33,5,1:24.482,1:24.092,1:23.485
969,154,210,8,6,1:25.419,1:24.718,1:24.074
969,13,3,19,7,1:25.099,1:24.597,1:24.443
969,832,5,55,8,1:25.542,1:24.997,1:24.487
969,826,5,26,9,1:25.970,1:24.864,1:24.512
970,1,131,44,1,1:33.333,1:32.406,1:31.678
970,20,6,5,2,1:33.078,1:32.391,1:31.864
970,822,131,77,3,1:33.684,1:32.552,1:31.865
970,8,6,7,4,1:33.341,1:32.181,1:32.140
970,817,9,3,5,1:34.041,1:33.546,1:33.033
970,13,3,19,6,1:34.205,1:33.759,1:33.507
970,807,4,27,7,1:34.453,1:33.636,1:33.580
970,815,10,11,8,1:34.657,1:33.920,1:33.706
970,826,5,26,9,1:34.440,1:34.034,1:33.719
970,840,3,18,10,1:33.986,1:34.090,1:34.220
971,822,131,77,1,1:31.041,1:29.555,1:28.769
971,1,131,44,2,1:30.814,1:29.535,1:28.792
971,20,6,5,3,1:31.037,1:29.596,1:29.247
971,817,9,3,4,1:31.667,1:30.497,1:29.545
971,8,6,7,5,1:30.988,1:29.843,1:29.567
971,830,9,33,6,1:30.904,1:30.307,1:29.687
971,807,4,27,7,1:31.057,1:30.169,1:29.842
971,13,3,19,8,1:31.373,1:30.677,1:30.074
971,154,210,8,9,1:31.691,1:30.857,1:30.763
971,835,4,30,10,1:31.458,1:30.899,1:31.074
972,20,6,5,1,1:34.493,1:34.038,1:33.194
972,8,6,7,2,1:34.953,1:33.663,1:33.253
972,822,131,77,3,1:34.041,1:33.264,1:33.289
972,1,131,44,4,1:34.409,1:33.760,1:33.767
972,817,9,3,5,1:35.560,1:35.483,1:34.905
972,13,3,19,6,1:35.828,1:35.049,1:35.110
972,830,9,33,7,1:35.301,1:35.221,1:35.161
972,807,4,27,8,1:35.507,1:35.328,1:35.285
972,815,10,11,9,1:36.185,1:35.513,1:35.337
972,839,10,31,10,1:35.372,1:35.729,1:35.430
973,1,131,44,1,1:20.511,1:20.210,1:19.149
973,20,6,5,2,1:20.939,1:20.295,1:19.200
973,822,131,77,3,1:20.991,1:20.300,1:19.373
973,8,6,7,4,1:20.742,1:20.621,1:19.439
973,830,9,33,5,1:21.430,1:20.722,1:19.706
973,817,9,3,6,1:21.704,1:20.855,1:20.175
973,4,1,14,7,1:22.015,1:21.251,1:21.048
973,815,10,11,8,1:21.998,1:21.239,1:21.070
973,13,3,19,9,1:22.138,1:21.222,1:21.232
973,839,10,31,10,1:21.901,1:21.148,1:21.272
974,8,6,7,1,1:13.117,1:12.231,1:12.178
974,20,6,5,2,1:13.090,1:12.449,1:12.221
974,822,131,77,3,1:13.325,1:12.901,1:12.223
974,830,9,33,4,1:13.078,1:12.697,1:12.496
974,817,9,3,5,1:13.219,1:13.011,1:12.998
974,832,5,55,6,1:13.526,1:13.397,1:13.162
974,815,10,11,7,1:13.530,1:13.430,1:13.329
974,154,210,8,8,1:13.786,1:13.203,1:13.349
974,18,1,22,9,1:13.723,1:13.453,1:13.613
975,1,131,44,1,1:12.692,1:12.496,1:11.459
975,20,6,5,2,1:13.046,1:12.749,1:11.789
975,822,131,77,3,1:12.685,1:12.563,1:12.177
975,8,6,7,4,1:13.548,1:12.580,1:12.252
975,830,9,33,5,1:13.177,1:12.751,1:12.403
975,817,9,3,6,1:13.543,1:12.810,1:12.557
975,13,3,19,7,1:13.435,1:13.012,1:12.858
975,815,10,11,8,1:13.470,1:13.262,1:13.018
975,839,10,31,9,1:13.520,1:13.320,1:13.135
975,807,4,27,10,1:13.804,1:13.406,1:13.271
976,1,131,44,1,1:41.983,1:41.275,1:40.593
976,822,131,77,2,1:43.026,1:41.502,1:41.027
976,8,6,7,3,1:42.678,1:42.090,1:41.693
976,20,6,5,4,1:42.952,1:41.911,1:41.841
976,830,9,33,5,1:42.544,1:41.961,1:41.879
976,815,10,11,6,1:43.162,1:42.467,1:42.111
976,839,10,31,7,1:43.051,1:42.751,1:42.186
976,840,3,18,8,1:43.613,1:42.284,1:42.753
976,13,3,19,9,1:43.165,1:42.735,1:42.798
976,817,9,3,10,1:42.857,1:42.215,1:43.414
977,822,131,77,1,1:05.760,1:04.316,1:04.251
977,20,6,5,2,1:05.585,1:04.772,1:04.293
977,1,131,44,3,1:05.064,1:04.800,1:04.424
977,8,6,7,4,1:05.148,1:05.004,1:04.779
977,817,9,3,5,1:05.854,1:05.161,1:04.896
977,830,9,33,6,1:05.779,1:04.948,1:04.983
977,154,210,8,7,1:05.902,1:05.319,1:05.480
977,815,10,11,8,1:05.975,1:05.435,1:05.605
977,839,10,31,9,1:06.033,1:05.550,1:05.674
977,832,5,55,10,1:05.675,1:05.544,1:05.726
978,1,131,44,1,1:39.069,1:27.893,1:26.600
978,8,6,7,2,1:40.455,1:28.992,1:27.147
978,20,6,5,3,1:39.962,1:28.978,1:27.356
978,822,131,77,4,1:39.698,1:28.732,1:27.376
978,830,9,33,5,1:38.912,1:29.431,1:28.130
978,807,4,27,6,1:39.201,1:29.340,1:28.856
978,815,10,11,7,1:42.009,1:29.824,1:28.902
978,839,10,31,8,1:39.738,1:29.701,1:29.074
978,838,1,2,9,1:40.011,1:30.105,1:29.418
978,154,210,8,10,1:42.042,1:29.966,1:29.549
979,20,6,5,1,1:17.244,1:16.802,1:16.276
979,8,6,7,2,1:17.364,1:17.207,1:16.444
979,822,131,77,3,1:18.058,1:17.362,1:16.530
979,1,131,44,4,1:17.492,1:16.693,1:16.707
979,830,9,33,5,1:17.266,1:17.028,1:16.797
979,817,9,3,6,1:17.702,1:17.698,1:16.818
979,807,4,27,7,1:18.137,1:17.655,1:17.468
979,4,1,14,8,1:18.395,1:17.919,1:17.549
979,838,1,2,9,1:18.479,1:18.000,1:17.894
979,832,5,55,10,1:18.948,1:18.311,1:18.912
980,1,131,44,1,1:44.184,1:42.927,1:42.553
980,20,6,5,2,1:44.275,1:43.987,1:42.795
980,822,131,77,3,1:44.773,1:43.249,1:43.094
980,8,6,7,4,1:44.729,1:43.700,1:43.270
980,830,9,33,5,1:44.535,1:43.940,1:43.380
980,817,9,3,6,1:45.114,1:44.224,1:43.863
980,807,4,27,7,1:45.280,1:44.988,1:44.982
980,815,10,11,8,1:45.591,1:44.894,1:45.244
980,839,10,31,9,1:45.277,1:45.006,1:45.369
981,1,131,44,1,1:36.009,1:34.660,1:35.554
981,830,9,33,2,1:37.344,1:36.113,1:36.702
981,817,9,3,3,1:38.304,1:37.313,1:36.841
981,840,3,18,4,1:37.653,1:37.002,1:37.032
981,839,10,31,5,1:38.775,1:37.580,1:37.719
981,822,131,77,6,1:35.716,1:35.396,1:37.833
981,8,6,7,7,1:38.235,1:37.031,1:37.987
981,20,6,5,8,1:37.198,1:36.223,1:38.064
981,13,3,19,9,1:38.338,1:37.456,1:38.251
981,838,1,2,10,1:38.767,1:37.471,1:39.157
982,20,6,5,1,1:43.336,1:40.529,1:39.491
982,830,9,33,2,1:42.010,1:40.332,1:39.814
982,817,9,3,3,1:42.063,1:40.385,1:39.840
982,8,6,7,4,1:43.328,1:40.525,1:40.069
982,1,131,44,5,1:42.455,1:40.577,1:40.126
982,822,131,77,6,1:43.137,1:41.409,1:40.810
982,807,4,27,7,1:42.586,1:41.277,1:41.013
982,4,1,14,8,1:42.086,1:41.442,1:41.179
982,838,1,2,9,1:42.222,1:41.227,1:41.398
982,832,5,55,10,1:42.176,1:41.826,1:42.056
983,1,131,44,1,1:31.605,1:30.977,1:30.076
983,8,6,7,2,1:32.259,1:30.926,1:30.121
983,830,9,33,3,1:31.920,1:30.931,1:30.541
983,817,9,3,4,1:32.416,1:31.061,1:30.595
983,839,10,31,6,1:32.527,1:31.651,1:31.478
983,838,1,2,7,1:32.838,1:31.848,1:31.582
983,807,4,27,8,1:32.586,1:31.778,1:31.607
983,815,10,11,9,1:32.768,1:31.484,1:31.658
983,4,1,14,10,1:33.049,1:32.010,1:31.704
983,822,131,77,5,1:32.254,1:30.803,1:30.758
984,1,131,44,1,1:29.047,1:27.819,1:27.319
984,822,131,77,2,1:29.332,1:28.543,1:27.651
984,20,6,5,3,1:29.352,1:28.225,1:27.791
984,817,9,3,4,1:29.475,1:28.935,1:28.306
984,830,9,33,5,1:29.181,1:28.747,1:28.332
984,8,6,7,6,1:29.163,1:29.079,1:28.498
984,839,10,31,7,1:30.115,1:29.199,1:29.111
984,815,10,11,8,1:29.696,1:29.343,1:29.260
984,13,3,19,9,1:30.352,1:29.687,1:29.480
984,4,1,14,10,1:30.525,1:29.749,1:30.687
985,1,131,44,1,1:34.822,1:33.437,1:33.108
985,20,6,5,2,1:35.420,1:34.103,1:33.347
985,822,131,77,3,1:35.309,1:33.769,1:33.568
985,817,9,3,4,1:35.991,1:34.495,1:33.577
985,8,6,7,5,1:35.649,1:33.840,1:33.577
985,830,9,33,6,1:34.899,1:34.716,1:33.658
985,839,10,31,7,1:35.849,1:35.113,1:34.647
985,832,4,55,8,1:35.517,1:34.899,1:34.852
985,4,1,14,9,1:35.712,1:35.046,1:35.007
985,815,10,11,10,1:36.358,1:34.789,1:35.148
986,20,6,5,1,1:17.665,1:16.870,1:16.488
986,830,9,33,2,1:17.630,1:16.524,1:16.574
986,1,131,44,3,1:17.518,1:17.035,1:16.934
986,822,131,77,4,1:17.578,1:17.161,1:16.958
986,8,6,7,5,1:18.148,1:17.534,1:17.238
986,839,10,31,6,1:18.336,1:17.827,1:17.437
986,817,9,3,7,1:18.208,1:17.631,1:17.447
986,807,4,27,8,1:18.322,1:17.792,1:17.466
986,832,4,55,9,1:18.405,1:17.753,1:17.794
986,815,10,11,10,1:18.020,1:17.868,1:17.807
987,822,131,77,1,1:09.452,1:08.638,1:08.322
987,20,6,5,2,1:09.643,1:08.494,1:08.360
987,8,6,7,3,1:09.405,1:09.116,1:08.538
987,830,9,33,4,1:09.820,1:09.050,1:08.925
987,817,9,3,5,1:09.828,1:09.533,1:09.330
987,815,10,11,6,1:10.145,1:09.760,1:09.598
987,4,1,14,7,1:10.172,1:09.593,1:09.617
987,807,4,27,8,1:10.078,1:09.726,1:09.703
987,832,4,55,9,1:10.227,1:09.768,1:09.805
987,13,3,19,10,1:09.789,1:09.612,1:09.841
988,822,131,77,1,1:37.356,1:36.822,1:36.231
988,1,131,44,2,1:37.391,1:36.742,1:36.403
988,20,6,5,3,1:37.817,1:37.023,1:36.777
988,817,9,3,4,1:38.016,1:37.583,1:36.959
988,8,6,7,5,1:37.453,1:37.302,1:36.985
988,830,9,33,6,1:38.021,1:37.777,1:37.328
988,807,4,27,7,1:38.781,1:38.138,1:38.282
988,815,10,11,8,1:38.601,1:38.359,1:38.374
988,839,10,31,9,1:38.896,1:38.392,1:38.397
988,13,3,19,10,1:38.629,1:38.565,1:38.550
989,1,131,44,1,1:22.824,1:22.051,1:21.164
989,8,6,7,2,1:23.096,1:22.507,1:21.828
989,20,6,5,3,1:23.348,1:21.944,1:21.838
989,830,9,33,4,1:23.483,1:22.416,1:21.879
989,817,9,3,5,1:23.494,1:22.897,1:22.152
989,825,210,20,6,1:23.909,1:23.300,1:23.187
989,154,210,8,7,1:23.671,1:23.468,1:23.339
989,807,4,27,8,1:23.782,1:23.544,1:23.532
989,832,4,55,9,1:23.529,1:23.061,1:23.577
990,20,6,5,1,1:29.060,1:28.341,1:27.958
990,8,6,7,2,1:28.951,1:28.515,1:28.101
990,822,131,77,3,1:29.275,1:28.794,1:28.124
990,1,131,44,4,1:29.396,1:28.458,1:28.220
990,817,9,3,5,1:29.552,1:28.962,1:28.398
990,842,5,10,6,1:30.121,1:29.836,1:29.329
990,825,210,20,7,1:29.594,1:29.623,1:29.358
990,807,4,27,8,1:30.260,1:29.187,1:29.570
990,839,10,31,9,1:30.338,1:30.009,1:29.874
990,832,4,55,10,1:29.893,1:29.802,1:29.986
991,20,6,5,1,1:32.171,1:32.385,1:31.095
991,8,6,7,2,1:32.474,1:32.286,1:31.182
991,822,131,77,3,1:32.921,1:32.063,1:31.625
991,1,131,44,4,1:33.283,1:31.914,1:31.675
991,830,9,33,5,1:32.932,1:32.809,1:31.796
991,817,9,3,6,1:33.877,1:32.688,1:31.948
991,807,4,27,7,1:33.545,1:32.494,1:32.532
991,815,10,11,8,1:33.464,1:32.931,1:32.758
991,832,4,55,9,1:33.315,1:32.970,1:32.819
991,154,210,8,10,1:33.238,1:32.524,1:32.855
992,20,6,5,1,1:42.762,1:43.015,1:41.498
992,1,131,44,2,1:42.693,1:42.676,1:41.677
992,822,131,77,3,1:43.355,1:42.679,1:41.837
992,817,9,3,4,1:42.857,1:43.482,1:41.911
992,830,9,33,5,1:42.642,1:42.901,1:41.994
992,8,6,7,6,1:42.538,1:42.510,1:42.490
992,839,10,31,7,1:43.021,1:42.967,1:42.523
992,815,10,11,8,1:43.992,1:43.366,1:42.547
992,807,4,27,9,1:43.746,1:43.232,1:43.066
992,832,4,55,10,1:43.426,1:43.464,1:43.351
993,1,131,44,1,1:17.633,1:17.166,1:16.173
993,822,131,77,2,1:17.674,1:17.111,1:16.213
993,20,6,5,3,1:17.031,1:16.802,1:16.305
993,8,6,7,4,1:17.483,1:17.071,1:16.612
993,830,9,33,5,1:17.411,1:17.266,1:16.816
993,817,9,3,6,1:17.623,1:17.638,1:16.818
993,825,210,20,7,1:18.169,1:17.618,1:17.676
993,4,1,14,8,1:18.276,1:18.100,1:17.721
993,832,4,55,9,1:18.480,1:17.803,1:17.790
993,154,210,8,10,1:18.305,1:17.699,1:17.835
994,817,9,3,1,1:12.013,1:11.278,1:10.810
994,20,6,5,2,1:12.415,1:11.518,1:11.039
994,1,131,44,3,1:12.460,1:11.584,1:11.232
994,8,6,7,4,1:12.639,1:11.391,1:11.266
994,4,1,14,7,1:12.657,1:12.269,1:12.110
994,832,4,55,8,1:12.950,1:12.286,1:12.130
994,815,10,11,9,1:12.848,1:12.194,1:12.154
994,842,5,10,10,1:12.941,1:12.313,1:12.221
994,822,131,77,5,1:12.434,1:12.002,1:11.441
994,839,10,31,6,1:13.028,1:12.188,1:12.061
995,20,6,5,1,1:11.710,1:11.524,1:10.764
995,822,131,77,2,1:11.950,1:11.514,1:10.857
995,830,9,33,3,1:12.008,1:11.472,1:10.937
995,1,131,44,4,1:11.835,1:11.740,1:10.996
995,8,6,7,5,1:11.725,1:11.620,1:11.095
995,817,9,3,6,1:12.459,1:11.434,1:11.116
995,807,4,27,7,1:12.795,1:11.916,1:11.973
995,839,10,31,8,1:12.577,1:12.141,1:12.084
995,832,4,55,9,1:12.689,1:12.097,1:12.168
995,815,10,11,10,1:12.702,1:12.395,1:12.671
996,1,131,44,1,1:31.271,1:30.645,1:30.029
996,822,131,77,2,1:31.776,1:31.227,1:30.147
996,20,6,5,3,1:31.820,1:30.751,1:30.400
996,830,9,33,4,1:31.531,1:30.818,1:30.705
996,817,9,3,5,1:31.910,1:31.538,1:30.895
996,8,6,7,6,1:31.567,1:30.772,1:31.057
996,832,4,55,7,1:32.394,1:32.016,1:32.126
996,844,15,16,8,1:32.538,1:32.055,1:32.635
996,825,210,20,9,1:32.169,1:31.510,1:32.930
997,822,131,77,1,1:04.175,1:03.756,1:03.130
997,1,131,44,2,1:04.080,1:03.577,1:03.149
997,20,6,5,3,1:04.347,1:03.544,1:03.464
997,8,6,7,4,1:04.234,1:03.975,1:03.660
997,830,9,33,5,1:04.273,1:04.001,1:03.840
997,154,210,8,6,1:04.242,1:04.059,1:03.892
997,817,9,3,7,1:04.723,1:04.403,1:03.996
997,825,210,20,8,1:04.460,1:04.291,1:04.051
997,832,4,55,9,1:04.948,1:04.561,1:04.725
997,807,4,27,10,1:04.864,1:04.676,1:05.019
998,1,131,44,1,1:26.818,1:26.256,1:25.892
998,20,6,5,2,1:26.585,1:26.372,1:25.936
998,8,6,7,3,1:27.549,1:26.483,1:25.990
998,822,131,77,4,1:27.025,1:26.413,1:26.217
998,830,9,33,5,1:27.309,1:27.013,1:26.602
998,817,9,3,6,1:27.979,1:27.369,1:27.099
998,825,210,20,7,1:28.143,1:27.730,1:27.244
998,154,210,8,8,1:28.086,1:27.522,1:27.455
998,844,15,16,9,1:27.962,1:27.790,1:27.879
998,839,10,31,10,1:28.279,1:27.843,1:28.194
999,20,6,5,1,1:12.538,1:12.505,1:11.212
999,822,131,77,2,1:12.962,1:12.152,1:11.416
999,8,6,7,3,1:12.505,1:12.336,1:11.547
999,830,9,33,4,1:13.127,1:12.188,1:11.822
999,825,210,20,5,1:13.105,1:12.523,1:12.200
999,154,210,8,6,1:12.986,1:12.722,1:12.544
999,807,4,27,7,1:13.479,1:12.946,1:12.560
999,832,4,55,8,1:13.324,1:13.032,1:12.692
999,844,15,16,9,1:13.077,1:12.995,1:12.717
999,815,10,11,10,1:13.427,1:13.072,1:12.774
1000,8,6,7,3,1:17.526,1:32.762,1:36.186
1000,20,6,5,4,1:16.666,1:28.636,1:36.210
1000,832,4,55,5,1:17.829,1:30.771,1:36.743
1000,842,5,10,6,1:18.577,1:31.286,1:37.591
1000,830,9,33,7,1:16.940,1:31.178,1:38.032
1000,843,5,28,8,1:18.429,1:32.590,1:38.128
1000,825,210,20,9,1:18.314,1:32.968,1:39.858
1000,154,210,8,10,1:17.901,1:33.650,1:40.593
1000,1,131,44,1,1:17.419,1:31.242,1:35.658
1000,822,131,77,2,1:17.123,1:32.081,1:35.918
1001,1,131,44,1,1:42.977,1:41.553,1:58.179
1001,20,6,5,2,1:43.035,1:41.501,1:58.905
1001,839,10,31,3,1:44.003,1:43.302,2:01.851
1001,815,10,11,4,1:44.004,1:43.014,2:01.894
1001,154,210,8,5,1:43.597,1:43.042,2:02.122
1001,8,6,7,6,1:42.585,1:41.533,2:02.671
1001,830,9,33,7,1:43.199,1:42.554,2:02.769
1001,817,9,3,8,1:43.604,1:43.126,2:02.939
1001,825,210,20,9,1:43.834,1:43.320,2:04.933
1002,8,6,7,1,1:20.722,1:19.846,1:19.119
1002,20,6,5,2,1:20.542,1:19.629,1:19.280
1002,1,131,44,3,1:20.810,1:19.798,1:19.294
1002,822,131,77,4,1:21.381,1:20.427,1:19.656
1002,830,9,33,5,1:21.381,1:20.333,1:20.615
1002,154,210,8,6,1:21.887,1:21.239,1:20.936
1002,832,4,55,7,1:21.732,1:21.552,1:21.041
1002,839,10,31,8,1:21.570,1:21.315,1:21.099
1002,842,5,10,9,1:21.834,1:21.667,1:21.350
1002,840,3,18,10,1:21.838,1:21.494,1:21.627
1003,1,131,44,1,1:39.403,1:37.344,1:36.015
1003,830,9,33,2,1:38.751,1:37.214,1:36.334
1003,20,6,5,3,1:38.218,1:37.876,1:36.628
1003,822,131,77,4,1:39.291,1:37.254,1:36.702
1003,8,6,7,5,1:38.534,1:37.194,1:36.794
1003,817,9,3,6,1:38.153,1:37.406,1:36.996
1003,815,10,11,7,1:38.814,1:38.342,1:37.985
1003,154,210,8,8,1:38.685,1:38.367,1:38.320
1003,839,10,31,9,1:38.912,1:38.534,1:38.365
1003,807,4,27,10,1:38.932,1:38.450,1:38.588
1004,822,131,77,1,1:32.964,1:32.744,1:31.387
1004,1,131,44,2,1:32.410,1:32.595,1:31.532
1004,20,6,5,3,1:33.476,1:33.045,1:31.943
1004,8,6,7,4,1:33.341,1:33.065,1:32.237
1004,825,210,20,5,1:34.078,1:33.747,1:33.181
1004,839,10,31,6,1:34.290,1:33.596,1:33.413
1004,844,15,16,7,1:33.924,1:33.488,1:33.419
1004,815,10,11,8,1:34.084,1:33.923,1:33.563
1004,154,210,8,9,1:34.022,1:33.517,1:33.704
1004,828,15,9,10,1:34.170,1:33.995,1:35.196
1005,1,131,44,1,1:28.702,1:28.017,1:27.760
1005,822,131,77,2,1:29.297,1:27.987,1:28.059
1005,830,9,33,3,1:29.480,1:28.849,1:29.057
1005,8,6,7,4,1:29.631,1:28.595,1:29.521
1005,154,210,8,5,1:29.724,1:29.678,1:29.761
1005,843,5,28,6,1:30.248,1:29.848,1:30.023
1005,842,5,10,7,1:30.137,1:29.810,1:30.093
1005,839,10,31,8,1:29.899,1:29.538,1:30.126
1005,20,6,5,9,1:29.049,1:28.279,1:32.192
1005,815,10,11,10,1:30.247,1:29.567,1:37.229
1006,1,131,44,1,1:34.130,1:33.480,1:32.237
1006,20,6,5,2,1:34.569,1:33.079,1:32.298
1006,8,6,7,3,1:34.703,1:32.884,1:32.307
1006,822,131,77,4,1:34.518,1:33.702,1:32.616
1006,817,9,3,5,1:34.755,1:34.185,1:33.494
1006,839,10,31,6,1:34.876,1:34.522,1:34.145
1006,807,4,27,7,1:34.932,1:34.564,1:34.215
1006,154,210,8,8,1:34.892,1:34.419,1:34.250
1006,844,15,16,9,1:35.069,1:34.255,1:34.420
1006,815,10,11,10,1:35.193,1:34.525,1:34.594
1007,817,9,3,1,1:15.866,1:15.845,1:14.759
1007,830,9,33,2,1:15.756,1:15.640,1:14.785
1007,1,131,44,3,1:15.673,1:15.644,1:14.894
1007,20,6,5,4,1:16.089,1:15.715,1:14.970
1007,822,131,77,5,1:15.580,1:15.923,1:15.160
1007,8,6,7,6,1:16.446,1:15.996,1:15.330
1007,807,4,27,7,1:16.498,1:16.126,1:15.827
1007,832,4,55,8,1:16.813,1:16.188,1:16.084
1007,844,15,16,9,1:16.862,1:16.320,1:16.189
1007,828,15,9,10,1:16.701,1:16.633,1:16.513
1008,1,131,44,1,1:08.464,1:07.795,1:07.281
1008,20,6,5,2,1:08.452,1:07.776,1:07.374
1008,822,131,77,3,1:08.492,1:07.727,1:07.441
1008,8,6,7,4,1:08.452,1:08.028,1:07.456
1008,830,9,33,5,1:08.205,1:08.017,1:07.778
1008,817,9,3,6,1:08.544,1:08.055,1:07.780
1008,828,15,9,7,1:08.754,1:08.579,1:08.296
1008,844,15,16,8,1:08.667,1:08.335,1:08.492
1008,154,210,8,9,1:08.735,1:08.239,1:08.517
1008,842,5,10,10,1:09.046,1:08.616,1:09.029
1009,1,131,44,1,1:36.828,1:35.693,1:34.794
1009,822,131,77,2,1:36.789,1:36.392,1:34.956
1009,20,6,5,3,1:36.775,1:36.345,1:35.125
1009,8,6,7,4,1:37.010,1:36.735,1:35.365
1009,817,9,3,5,1:37.117,1:36.964,1:35.401
1009,830,9,33,6,1:37.195,1:36.144,1:35.589
1009,154,210,8,7,1:37.575,1:36.732,1:36.192
1009,844,15,16,8,1:37.124,1:36.580,1:36.237
1009,839,10,31,9,1:36.936,1:36.814,1:36.540
1009,807,4,27,10,1:37.569,1:36.630,1:36.542
1010,1,131,44,1,1:22.043,1:21.014,1:20.486
1010,822,131,77,2,1:22.367,1:21.193,1:20.598
1010,20,6,5,3,1:22.885,1:21.912,1:21.190
1010,830,9,33,4,1:22.876,1:21.678,1:21.320
1010,844,6,16,5,1:22.017,1:21.739,1:21.442
1010,154,210,8,6,1:22.959,1:21.870,1:21.826
1010,825,210,20,7,1:22.519,1:22.221,1:22.099
1010,846,1,4,8,1:22.702,1:22.423,1:22.304
1010,8,51,7,9,1:22.966,1:22.349,1:22.314
1010,815,211,11,10,1:22.908,1:22.532,1:22.781
1011,844,6,16,1,1:28.495,1:28.046,1:27.866
1011,20,6,5,2,1:28.733,1:28.356,1:28.160
1011,1,131,44,3,1:29.262,1:28.578,1:28.190
1011,822,131,77,4,1:29.498,1:28.830,1:28.256
1011,830,9,33,5,1:29.579,1:29.109,1:28.752
1011,825,210,20,6,1:29.532,1:29.017,1:28.757
1011,832,1,55,7,1:29.528,1:29.055,1:28.813
1011,154,210,8,8,1:29.688,1:29.249,1:29.015
1011,8,51,7,9,1:29.959,1:29.471,1:29.022
1011,846,1,4,10,1:29.381,1:29.258,1:29.043
1012,822,131,77,1,1:32.658,1:31.728,1:31.547
1012,1,131,44,2,1:33.115,1:31.637,1:31.570
1012,20,6,5,3,1:33.557,1:32.232,1:31.848
1012,844,6,16,4,1:32.712,1:32.324,1:31.865
1012,830,9,33,5,1:33.274,1:32.369,1:32.089
1012,842,9,10,6,1:33.863,1:32.948,1:32.930
1012,817,4,3,7,1:33.709,1:33.214,1:32.958
1012,807,4,27,8,1:33.644,1:33.968,1:32.962
1013,822,131,77,1,1:42.026,1:41.500,1:40.495
1013,1,131,44,2,1:41.614,1:41.580,1:40.554
1013,20,6,5,3,1:42.042,1:41.889,1:40.797
1013,830,9,33,4,1:41.727,1:41.388,1:41.069
1013,815,211,11,5,1:42.249,1:41.870,1:41.593
1013,826,5,26,6,1:42.324,1:42.221,1:41.681
1013,846,1,4,7,1:42.371,1:42.084,1:41.886
1013,841,51,99,8,1:42.140,1:42.381,1:42.424
1014,822,131,77,1,1:16.979,1:15.924,1:15.406
1014,1,131,44,2,1:17.292,1:16.038,1:16.040
1014,20,6,5,3,1:17.425,1:16.667,1:16.272
1014,830,9,33,4,1:17.244,1:16.726,1:16.357
1014,844,6,16,5,1:17.388,1:16.714,1:16.588
1014,842,9,10,6,1:17.862,1:16.932,1:16.708
1014,154,210,8,7,1:18.042,1:17.066,1:16.911
1014,825,210,20,8,1:17.669,1:17.272,1:16.922
1014,826,5,26,9,1:17.914,1:17.243,1:17.573
1014,817,4,3,10,1:18.385,1:17.299,1:18.106
1015,1,131,44,1,1:11.542,1:10.835,1:10.166
1015,822,131,77,2,1:11.562,1:10.701,1:10.252
1015,830,9,33,3,1:11.597,1:10.618,1:10.641
1015,20,6,5,4,1:11.434,1:11.227,1:10.947
1015,842,9,10,5,1:11.740,1:11.457,1:11.041
1015,825,210,20,6,1:11.865,1:11.363,1:11.109
1015,817,4,3,7,1:11.767,1:11.543,1:11.218
1015,826,5,26,8,1:11.602,1:11.412,1:11.271
1015,832,1,55,9,1:11.872,1:11.608,1:11.417
1015,848,5,23,10,1:12.007,1:11.429,1:11.653
1016,20,6,5,1,1:11.200,1:11.142,1:10.240
1016,1,131,44,2,1:11.518,1:11.010,1:10.446
1016,844,6,16,3,1:11.214,1:11.205,1:10.920
1016,817,4,3,4,1:11.837,1:11.532,1:11.071
1016,842,9,10,5,1:12.023,1:11.196,1:11.079
1016,822,131,77,6,1:11.229,1:11.095,1:11.101
1016,807,4,27,7,1:11.720,1:11.553,1:11.324
1016,846,1,4,8,1:11.780,1:11.735,1:11.863
1016,832,1,55,9,1:11.750,1:11.572,1:13.981
1017,1,131,44,1,1:30.609,1:29.520,1:28.319
1017,822,131,77,2,1:30.550,1:29.437,1:28.605
1017,844,6,16,3,1:30.647,1:29.699,1:28.965
1017,830,9,33,4,1:31.327,1:30.099,1:29.409
1017,846,1,4,5,1:30.989,1:30.019,1:29.418
1017,832,1,55,6,1:31.073,1:30.319,1:29.522
1017,20,6,5,7,1:31.075,1:29.506,1:29.799
1017,817,4,3,8,1:30.954,1:30.369,1:29.918
1017,842,9,10,9,1:31.152,1:30.421,1:30.184
1017,841,51,99,10,1:31.180,1:30.408,1:33.420
1018,844,6,16,1,1:04.138,1:03.378,1:03.003
1018,1,131,44,2,1:03.818,1:03.803,1:03.262
1018,830,9,33,3,1:03.807,1:03.835,1:03.439
1018,822,131,77,4,1:04.084,1:03.863,1:03.537
1018,825,210,20,5,1:04.778,1:04.466,1:04.072
1018,846,1,4,6,1:04.361,1:04.211,1:04.099
1018,8,51,7,7,1:04.615,1:04.056,1:04.166
1018,841,51,99,8,1:04.450,1:04.194,1:04.179
1018,842,9,10,9,1:04.412,1:03.988,1:04.199
1019,822,131,77,1,1:25.750,1:25.672,1:25.093
1019,1,131,44,2,1:25.513,1:25.840,1:25.099
1019,844,6,16,3,1:25.533,1:25.546,1:25.172
1019,830,9,33,4,1:25.700,1:25.848,1:25.276
1019,842,9,10,5,1:26.273,1:26.038,1:25.590
1019,20,6,5,6,1:25.898,1:26.023,1:25.787
1019,817,4,3,7,1:26.428,1:26.283,1:26.182
1019,846,1,4,8,1:26.079,1:26.385,1:26.224
1019,848,5,23,9,1:26.482,1:26.403,1:26.345
1019,807,4,27,10,1:26.568,1:26.397,1:26.386
1020,1,131,44,1,1:12.852,1:12.149,1:11.767
1020,830,9,33,2,1:12.593,1:12.427,1:12.113
1020,822,131,77,3,1:13.075,1:12.424,1:12.129
1020,842,9,10,4,1:12.991,1:12.385,1:12.522
1020,8,51,7,5,1:13.066,1:12.519,1:12.538
1020,154,210,8,6,1:13.146,1:12.769,1:12.851
1020,832,1,55,7,1:13.221,1:12.632,1:12.897
1020,815,211,11,8,1:13.194,1:12.776,1:13.065
1020,807,4,27,9,1:13.186,1:12.766,1:13.126
1021,830,9,33,1,1:15.817,1:15.573,1:14.572
1021,822,131,77,2,1:16.078,1:15.669,1:14.590
1021,1,131,44,3,1:16.068,1:15.548,1:14.769
1021,844,6,16,4,1:16.337,1:15.792,1:15.043
1021,20,6,5,5,1:16.452,1:15.885,1:15.071
1021,842,9,10,6,1:16.716,1:16.393,1:15.450
1021,846,1,4,7,1:16.697,1:16.060,1:15.800
1021,832,1,55,8,1:16.493,1:16.308,1:15.852
1021,154,210,8,9,1:16.978,1:16.319,1:16.013
1021,8,51,7,10,1:16.506,1:16.518,1:16.041
1022,844,6,16,1,1:43.587,1:42.938,1:42.519
1022,20,6,5,2,1:44.109,1:43.037,1:43.267
1022,1,131,44,3,1:45.260,1:43.592,1:43.282
1022,822,131,77,4,1:45.141,1:43.980,1:43.415
1022,830,9,33,5,1:44.622,1:44.132,1:43.690
1022,817,4,3,6,1:45.560,1:44.103,1:44.257
1022,807,4,27,7,1:45.899,1:44.549,1:44.542
1022,8,51,7,8,1:45.842,1:44.140,1:44.557
1022,815,211,11,9,1:45.732,1:44.707,1:44.706
1022,825,210,20,10,1:45.839,1:44.738,1:45.086
1023,844,6,16,1,1:20.126,1:19.553,1:19.307
1023,1,131,44,2,1:20.272,1:19.464,1:19.346
1023,822,131,77,3,1:20.156,1:20.018,1:19.354
1023,20,6,5,4,1:20.378,1:19.715,1:19.457
1023,817,4,3,5,1:20.374,1:19.833,1:19.839
1023,807,4,27,6,1:20.155,1:20.275,1:20.049
1023,832,1,55,7,1:20.413,1:20.202,1:20.455
1024,844,6,16,1,1:38.014,1:36.650,1:36.217
1024,1,131,44,2,1:37.565,1:36.933,1:36.408
1024,20,6,5,3,1:38.374,1:36.720,1:36.437
1024,830,9,33,4,1:38.540,1:37.089,1:36.813
1024,822,131,77,5,1:37.317,1:37.142,1:37.146
1024,848,9,23,6,1:39.106,1:37.865,1:37.411
1024,832,1,55,7,1:38.882,1:37.982,1:37.818
1024,807,4,27,8,1:39.001,1:38.580,1:38.264
1024,846,1,4,9,1:38.606,1:37.572,1:38.329
1025,844,6,16,1,1:33.613,1:32.434,1:31.628
1025,1,131,44,2,1:33.230,1:33.134,1:32.030
1025,20,6,5,3,1:33.032,1:32.536,1:32.053
1025,830,9,33,4,1:33.368,1:32.634,1:32.310
1025,822,131,77,5,1:33.413,1:33.281,1:32.632
1025,832,1,55,6,1:34.184,1:33.807,1:33.222
1025,807,4,27,7,1:34.236,1:33.898,1:33.289
1025,846,1,4,8,1:34.201,1:33.725,1:33.301
1025,154,210,8,9,1:34.283,1:33.643,1:33.517
1025,817,4,3,10,1:34.138,1:33.862,1:33.661
1026,20,6,5,1,1:28.988,1:28.174,1:27.064
1026,844,6,16,2,1:28.405,1:28.179,1:27.253
1026,822,131,77,3,1:28.896,1:27.688,1:27.293
1026,1,131,44,4,1:28.735,1:27.826,1:27.302
1026,830,9,33,5,1:28.754,1:28.499,1:27.851
1026,848,9,23,6,1:29.351,1:28.156,1:27.851
1026,832,1,55,7,1:29.018,1:28.577,1:28.304
1026,846,1,4,8,1:28.873,1:28.571,1:28.464
1026,842,5,10,9,1:29.411,1:28.779,1:28.836
1026,154,210,8,10,1:29.572,1:29.144,1:29.341
1027,830,9,33,1,1:15.949,1:16.136,1:14.758
1027,844,6,16,2,1:16.364,1:16.219,1:15.024
1027,20,6,5,3,1:16.696,1:15.914,1:15.170
1027,1,131,44,4,1:16.424,1:15.721,1:15.262
1027,848,9,23,5,1:16.175,1:16.574,1:15.336
1027,822,131,77,6,1:17.062,1:15.852,1:15.338
1027,832,1,55,7,1:17.044,1:16.267,1:16.014
1027,846,1,4,8,1:17.092,1:16.447,1:16.322
1027,826,5,26,9,1:17.041,1:16.657,1:16.469
1027,842,5,10,10,1:17.065,1:16.679,1:16.586
1028,822,131,77,1,1:33.750,1:33.160,1:32.029
1028,20,6,5,2,1:33.766,1:33.782,1:32.041
1028,830,9,33,3,1:33.549,1:33.120,1:32.096
1028,844,6,16,4,1:33.988,1:32.760,1:32.137
1028,1,131,44,5,1:33.454,1:33.045,1:32.321
1028,848,9,23,6,1:33.984,1:32.898,1:32.548
1028,832,1,55,7,1:33.916,1:33.422,1:32.847
1028,846,1,4,8,1:33.353,1:33.316,1:33.175
1028,817,4,3,9,1:33.835,1:33.608,1:33.488
1028,842,5,10,10,1:33.556,1:33.715,1:33.601
1029,830,9,33,1,1:08.242,1:07.503,1:07.508
1029,20,6,5,2,1:08.556,1:08.050,1:07.631
1029,1,131,44,3,1:08.614,1:08.088,1:07.699
1029,844,6,16,4,1:08.496,1:07.888,1:07.728
1029,822,131,77,5,1:08.545,1:08.232,1:07.874
1029,848,9,23,6,1:08.503,1:08.117,1:07.935
1029,842,5,10,7,1:08.909,1:08.770,1:08.837
1029,154,210,8,8,1:09.197,1:08.705,1:08.854
1029,8,51,7,9,1:09.276,1:08.858,1:08.984
1029,825,210,20,10,1:08.875,1:08.803,1:09.037
1030,1,131,44,1,1:35.851,1:35.634,1:34.779
1030,822,131,77,2,1:36.200,1:35.674,1:34.973
1030,830,9,33,3,1:36.390,1:36.275,1:35.139
1030,844,6,16,4,1:36.478,1:35.543,1:35.219
1030,20,6,5,5,1:36.963,1:35.786,1:35.339
1030,848,9,23,6,1:36.102,1:36.718,1:35.682
1030,846,1,4,7,1:37.545,1:36.764,1:36.436
1030,817,4,3,8,1:37.106,1:36.785,1:36.456
1030,832,1,55,9,1:37.358,1:36.308,1:36.459
1030,807,4,27,10,1:37.506,1:36.859,1:36.710
1031,822,131,77,1,1:04.111,1:03.015,1:02.939
1031,1,131,44,2,1:04.198,1:03.096,1:02.951
1031,830,9,33,3,1:04.024,1:04.000,1:03.477
1031,846,1,4,4,1:04.606,1:03.819,1:03.626
1031,848,9,23,5,1:04.661,1:03.746,1:03.868
1031,815,211,11,6,1:04.543,1:03.860,1:03.868
1031,844,6,16,7,1:04.500,1:04.041,1:03.923
1031,832,1,55,8,1:04.537,1:03.971,1:03.971
1031,840,211,18,9,1:04.309,1:03.955,1:04.029
1031,817,4,3,10,1:04.556,1:04.023,1:04.239
1032,1,131,44,1,1:18.188,1:17.825,1:19.273
1032,830,9,33,2,1:18.297,1:17.938,1:20.489
1032,832,1,55,3,1:18.590,1:18.836,1:20.671
1032,822,131,77,4,1:18.791,1:18.657,1:20.701
1032,839,4,31,5,1:19.687,1:18.764,1:20.922
1032,846,1,4,6,1:18.504,1:18.448,1:20.925
1032,848,9,23,7,1:20.882,1:19.014,1:21.011
1032,842,213,10,8,1:20.192,1:18.744,1:21.028
1032,817,4,3,9,1:19.662,1:19.229,1:21.192
1032,20,6,5,10,1:20.243,1:19.545,1:21.651
1033,822,131,77,2,1:15.474,1:14.530,1:13.554
1033,840,211,18,3,1:14.895,1:15.176,1:14.377
1033,815,211,11,4,1:14.681,1:15.394,1:14.545
1033,20,6,5,5,1:15.455,1:15.131,1:14.774
1033,844,6,16,6,1:15.793,1:15.006,1:14.817
1033,830,9,33,7,1:15.495,1:14.976,1:14.849
1033,846,1,4,8,1:15.444,1:15.085,1:14.966
1033,832,1,55,9,1:15.281,1:15.267,1:15.027
1033,1,131,44,1,1:14.907,1:14.261,1:13.447
1034,1,131,44,1,1:25.900,1:25.347,1:24.303
1034,822,131,77,2,1:25.801,1:25.015,1:24.616
1034,830,9,33,3,1:26.115,1:26.144,1:25.325
1034,844,6,16,4,1:26.550,1:26.203,1:25.427
1034,846,1,4,5,1:26.855,1:26.420,1:25.782
1034,840,211,18,6,1:26.243,1:26.501,1:25.839
1034,832,1,55,7,1:26.715,1:26.149,1:25.965
1034,817,4,3,8,1:26.677,1:26.339,1:26.009
1034,839,4,31,9,1:26.396,1:26.252,1:26.209
1034,20,6,5,10,1:26.469,1:26.455,1:26.339
1035,822,131,77,1,1:26.738,1:25.785,1:25.154
1035,1,131,44,2,1:26.818,1:26.266,1:25.217
1035,807,211,27,3,1:27.279,1:26.261,1:26.082
1035,830,9,33,4,1:27.154,1:26.779,1:26.176
1035,817,4,3,5,1:27.442,1:26.636,1:26.297
1035,840,211,18,6,1:27.187,1:26.674,1:26.428
1035,842,213,10,7,1:27.154,1:26.523,1:26.534
1035,844,6,16,8,1:27.427,1:26.709,1:26.614
1035,848,9,23,9,1:27.153,1:26.642,1:26.669
1035,846,1,4,10,1:27.217,1:26.885,1:26.778
1036,1,131,44,1,1:16.872,1:16.013,1:15.584
1036,822,131,77,2,1:17.243,1:16.152,1:15.643
1036,830,9,33,3,1:17.213,1:16.518,1:16.292
1036,815,211,11,4,1:17.117,1:16.936,1:16.482
1036,840,211,18,5,1:17.316,1:16.666,1:16.589
1036,848,9,23,6,1:17.419,1:17.163,1:17.029
1036,832,1,55,7,1:17.438,1:16.876,1:17.044
1036,846,1,4,8,1:17.577,1:17.166,1:17.084
1036,844,6,16,9,1:17.256,1:16.953,1:17.087
1036,842,213,10,10,1:17.356,1:16.800,1:17.136
1037,1,131,44,1,1:42.323,1:42.014,1:41.252
1037,822,131,77,2,1:42.534,1:42.126,1:41.763
1037,830,9,33,3,1:43.197,1:42.473,1:41.778
1037,817,4,3,4,1:43.309,1:42.487,1:42.061
1037,848,9,23,5,1:43.418,1:42.193,1:42.264
1037,839,4,31,6,1:43.505,1:42.534,1:42.396
1037,832,1,55,7,1:43.322,1:42.478,1:42.438
1037,815,211,11,8,1:43.349,1:42.670,1:42.532
1037,840,211,18,9,1:43.265,1:42.491,1:42.603
1037,846,1,4,10,1:43.514,1:42.722,1:42.657
1038,1,131,44,1,1:19.514,1:19.092,1:18.887
1038,822,131,77,2,1:19.786,1:18.952,1:18.956
1038,832,1,55,3,1:20.099,1:19.705,1:19.695
1038,815,211,11,4,1:20.048,1:19.718,1:19.720
1038,830,9,33,5,1:20.193,1:19.780,1:19.795
1038,846,1,4,6,1:20.344,1:19.962,1:19.820
1038,817,4,3,7,1:20.548,1:20.031,1:19.864
1038,840,211,18,8,1:20.400,1:19.924,1:20.049
1038,848,9,23,9,1:21.104,1:20.064,1:20.090
1038,842,213,10,10,1:20.145,1:19.909,1:20.177
1039,1,131,44,1,1:15.778,1:15.309,1:15.144
1039,822,131,77,2,1:15.749,1:15.322,1:15.203
1039,830,9,33,3,1:16.335,1:15.471,1:15.509
1039,848,9,23,4,1:16.527,1:15.914,1:15.954
1039,844,6,16,5,1:16.698,1:16.324,1:16.270
1039,815,211,11,6,1:16.596,1:16.489,1:16.311
1039,840,211,18,7,1:16.701,1:16.271,1:16.356
1039,817,4,3,8,1:16.981,1:16.243,1:16.543
1039,832,1,55,9,1:16.993,1:16.522,1:17.870
1040,1,131,44,1,1:32.983,1:32.835,1:31.304
1040,830,9,33,2,1:33.630,1:33.157,1:31.867
1040,822,131,77,3,1:32.656,1:32.405,1:31.956
1040,815,211,11,4,1:33.704,1:33.038,1:32.317
1040,817,4,3,5,1:33.650,1:32.218,1:32.364
1040,832,1,55,6,1:33.967,1:32.757,1:32.550
1040,839,4,31,7,1:33.557,1:33.196,1:32.624
1040,846,1,4,8,1:33.804,1:33.081,1:32.847
1040,842,213,10,9,1:33.734,1:33.139,1:33.000
1040,848,9,23,10,1:33.919,1:33.153,1:33.008
1041,822,131,77,1,1:26.573,1:25.971,1:25.269
1041,1,131,44,2,1:26.620,1:25.390,1:25.525
1041,830,9,33,3,1:26.319,1:25.467,1:25.562
1041,844,6,16,4,1:26.857,1:26.240,1:26.035
1041,848,9,23,5,1:27.126,1:26.285,1:26.047
1041,817,4,3,6,1:26.836,1:26.096,1:26.223
1041,839,4,31,7,1:27.086,1:26.364,1:26.242
1041,846,1,4,8,1:26.829,1:26.316,1:26.458
1041,815,211,11,9,1:27.120,1:26.330,1:26.704
1041,832,1,55,10,1:27.378,1:26.361,1:26.709
1042,842,213,10,9,1:17.209,1:17.367,1:17.803
1042,846,1,4,8,1:17.547,1:17.321,1:17.525
1042,832,1,55,7,1:17.627,1:17.183,1:17.520
1042,848,9,23,6,1:17.435,1:17.411,1:17.437
1042,815,211,11,5,1:17.370,1:17.129,1:17.223
1042,844,6,16,4,1:17.421,1:17.367,1:17.090
1042,830,9,33,3,1:16.879,1:17.038,1:16.904
1042,822,131,77,2,1:16.945,1:16.466,1:16.754
1042,1,131,44,1,1:16.828,1:16.824,1:16.652
1043,822,131,33,1,1:14.221,1:14.585,1:13.609
1043,1,131,44,2,1:14.229,1:14.643,1:13.706
1043,830,9,33,3,1:15.034,1:14.974,1:14.176
1043,842,213,10,4,1:15.183,1:14.681,1:14.502
1043,817,4,3,5,1:15.474,1:14.953,1:14.520
1043,848,9,23,6,1:15.402,1:14.745,1:14.572
1043,844,6,16,7,1:15.123,1:15.017,1:14.616
1043,826,213,26,8,1:15.412,1:15.022,1:14.696
1043,846,1,4,9,1:15.274,1:15.051,1:14.814
1043,832,1,55,10,1:15.528,1:15.027,1:14.911
1044,840,211,18,1,2:07.467,1:53.372,1:47.765
1044,830,9,33,2,1:57.485,1:50.293,1:48.055
1044,815,211,11,3,2:07.614,1:54.097,1:49.321
1044,848,9,23,4,1:59.431,1:52.282,1:50.448
1044,817,4,3,5,2:05.598,1:54.278,1:51.595
1044,1,131,44,6,2:07.599,1:52.709,1:52.560
1044,839,4,31,7,2:06.115,1:53.657,1:52.622
1044,8,51,7,8,2:01.249,1:53.793,1:52.745
1044,822,131,77,9,2:07.001,1:53.767,1:53.258
1044,841,51,99,10,2:07.341,1:53.431,1:57.226
1045,1,131,44,1,1:28.343,1:27.586,1:27.264
1045,822,131,77,2,1:28.767,1:28.063,1:27.553
1045,830,9,33,3,1:28.885,1:28.025,1:27.678
1045,848,9,23,4,1:28.732,1:28.749,1:28.274
1045,815,211,11,5,1:29.178,1:28.894,1:28.322
1045,817,4,3,6,1:29.005,1:28.648,1:28.417
1045,839,4,31,7,1:29.203,1:28.937,1:28.419
1045,842,213,10,8,1:28.971,1:29.008,1:28.448
1045,846,1,4,9,1:29.464,1:28.877,1:28.542
1045,826,213,26,10,1:29.158,1:28.944,1:28.618
1046,822,131,77,1,0:53.904,0:53.803,0:53.377
1046,847,131,63,2,0:54.160,0:53.819,0:53.403
1046,830,9,33,3,0:54.037,0:53.647,0:53.433
1046,844,6,16,4,0:54.249,0:53.825,0:53.613
1046,815,211,11,5,0:54.236,0:53.787,0:53.790
1046,826,213,26,6,0:54.346,0:53.856,0:53.906
1046,817,4,3,7,0:54.388,0:53.871,0:53.957
1046,832,1,55,8,0:54.450,0:53.818,0:54.010
1046,842,213,10,9,0:54.207,0:53.941,0:54.154
1046,840,211,18,10,0:54.595,0:53.840,0:54.200
1047,830,9,33,1,1:35.993,1:35.641,1:35.246
1047,822,131,77,2,1:35.699,1:35.527,1:35.271
1047,1,131,44,3,1:35.528,1:35.466,1:35.332
1047,846,1,4,4,1:36.016,1:35.849,1:35.497
1047,848,9,23,5,1:36.106,1:35.654,1:35.571
1047,832,1,55,6,1:36.517,1:36.192,1:35.815
1047,826,213,26,7,1:36.459,1:36.214,1:35.963
1047,840,211,18,8,1:36.502,1:36.143,1:36.046
1047,844,6,16,9,1:35.881,1:35.932,1:36.065
1047,842,213,10,10,1:36.545,1:36.282,1:36.242
1052,830,9,33,1,1:30.499,1:30.318,1:28.997
1052,1,131,44,2,1:30.617,1:30.085,1:29.385
1052,822,131,77,3,1:31.200,1:30.186,1:29.586
1052,844,6,16,4,1:30.691,1:30.010,1:29.678
1052,842,213,10,5,1:30.848,1:30.513,1:29.809
1052,817,1,3,6,1:30.795,1:30.222,1:29.927
1052,846,1,4,7,1:30.902,1:30.099,1:29.974
1052,832,6,55,8,1:31.653,1:30.009,1:30.215
1052,4,214,14,9,1:30.863,1:30.595,1:30.249
1052,840,117,18,10,1:31.261,1:30.624,1:30.601
1053,1,131,44,1,1:14.823,1:14.817,1:14.411
1053,815,9,11,2,1:15.395,1:14.716,1:14.446
1053,830,9,33,3,1:15.109,1:14.884,1:14.498
1053,844,6,16,4,1:15.413,1:14.808,1:14.740
1053,842,213,10,5,1:15.548,1:14.927,1:14.790
1053,817,1,3,6,1:15.669,1:15.033,1:14.826
1053,846,1,4,7,1:15.009,1:14.718,1:14.875
1053,822,131,77,8,1:14.672,1:14.905,1:14.898
1053,839,214,31,9,1:15.385,1:15.117,1:15.210
1054,822,131,77,1,1:18.722,1:18.458,1:18.348
1054,1,131,44,2,1:18.857,1:17.968,1:18.355
1054,830,9,33,3,1:19.485,1:18.650,1:18.746
1054,815,9,11,4,1:19.337,1:18.845,1:18.890
1054,832,6,55,5,1:19.309,1:18.813,1:19.039
1054,839,214,31,6,1:19.092,1:18.586,1:19.042
1054,846,1,4,7,1:18.794,1:18.481,1:19.116
1054,844,6,16,8,1:19.373,1:18.769,1:19.306
1054,842,213,10,9,1:19.464,1:19.052,1:19.475
1054,20,117,5,10,1:19.403,1:18.970,1:19.659
1055,1,131,44,1,1:18.245,1:17.166,1:16.741
1055,830,9,33,2,1:18.090,1:16.922,1:16.777
1055,822,131,77,3,1:18.005,1:17.142,1:16.873
1055,844,6,16,4,1:18.041,1:17.717,1:17.510
1055,839,214,31,5,1:18.281,1:17.743,1:17.580
1055,832,6,55,6,1:18.205,1:17.656,1:17.620
1055,817,1,3,7,1:18.264,1:17.719,1:17.622
1055,815,9,11,8,1:18.203,1:17.669,1:17.701
1055,846,1,4,9,1:17.821,1:17.696,1:18.010
1055,4,214,14,10,1:18.281,1:17.966,1:18.147
1056,844,6,16,1,1:11.113,1:10.597,1:10.346
1056,830,9,33,2,1:11.124,1:10.650,1:10.576
1056,822,131,77,3,1:10.938,1:10.695,1:10.601
1056,832,6,55,4,1:11.324,1:10.806,1:10.611
1056,846,1,4,5,1:11.321,1:11.031,1:10.620
1056,842,213,10,6,1:11.560,1:11.179,1:10.900
1056,1,131,44,7,1:11.622,1:11.116,1:11.095
1056,20,117,5,8,1:12.078,1:11.309,1:11.419
1056,815,9,11,9,1:11.644,1:11.019,1:11.573
1056,841,51,99,10,1:11.658,1:11.409,1:11.779
1057,844,6,16,1,1:42.241,1:41.659,1:41.218
1057,1,131,44,2,1:41.545,1:41.634,1:41.450
1057,830,9,33,3,1:41.760,1:41.625,1:41.563
1057,842,213,10,4,1:42.288,1:41.932,1:41.565
1057,832,6,55,5,1:42.121,1:41.740,1:41.576
1057,846,1,4,6,1:42.167,1:41.813,1:41.747
1057,815,9,11,7,1:41.968,1:41.630,1:41.917
1057,852,213,22,8,1:42.521,1:41.654,1:42.211
1057,4,214,14,9,1:42.934,1:42.195,1:42.327
1057,822,131,77,10,1:42.701,1:42.106,1:42.659
1059,830,9,33,1,1:31.001,1:31.080,1:29.990
1059,1,131,44,2,1:31.237,1:30.788,1:30.248
1059,822,131,77,3,1:31.669,1:30.735,1:30.376
1059,815,9,11,4,1:31.560,1:30.971,1:30.445
1059,832,6,55,5,1:32.079,1:31.146,1:30.840
1059,842,213,10,6,1:31.898,1:31.353,1:30.868
1059,844,6,16,7,1:32.209,1:31.567,1:30.987
1059,846,1,4,8,1:31.733,1:31.542,1:31.252
1059,4,214,14,9,1:32.158,1:31.549,1:31.340
1059,817,1,3,10,1:32.181,1:31.615,1:31.382
1058,830,9,33,1,1:04.489,1:04.433,1:03.841
1058,822,131,77,2,1:04.537,1:04.443,1:04.035
1058,1,131,44,3,1:04.672,1:04.512,1:04.067
1058,846,1,4,4,1:04.584,1:04.298,1:04.120
1058,815,9,11,5,1:04.638,1:04.197,1:04.168
1058,842,213,10,6,1:04.765,1:04.429,1:04.236
1058,844,6,16,7,1:04.745,1:04.646,1:04.472
1058,852,213,22,8,1:04.608,1:04.631,1:04.514
1058,4,214,14,9,1:04.971,1:04.582,1:04.574
1058,840,117,18,10,1:04.821,1:04.663,1:04.708
1060,830,9,33,1,1:04.249,1:03.927,1:03.720
1060,846,1,4,2,1:04.345,1:04.415,1:03.768
1060,815,9,11,3,1:04.833,1:04.483,1:03.990
1060,1,131,44,4,1:04.506,1:04.258,1:04.014
1060,822,131,77,5,1:04.563,1:04.376,1:04.049
1060,842,213,10,6,1:04.841,1:04.412,1:04.107
1060,852,213,22,7,1:04.967,1:04.518,1:04.273
1060,20,117,5,8,1:04.846,1:04.493,1:04.570
1060,847,3,63,9,1:04.907,1:04.553,1:04.591
1060,840,117,18,10,1:04.927,1:04.547,1:04.618
1061,1,131,44,1,1:26.786,1:26.023,1:26.134
1061,830,9,33,2,1:26.751,1:26.315,1:26.209
1061,822,131,77,3,1:27.487,1:26.764,1:26.328
1061,844,6,16,4,1:27.051,1:26.919,1:26.828
1061,815,9,11,5,1:27.121,1:27.073,1:26.844
1061,846,1,4,6,1:27.444,1:27.220,1:26.897
1061,817,1,3,7,1:27.323,1:27.125,1:26.899
1061,847,3,63,8,1:27.671,1:27.080,1:26.971
1061,832,6,55,9,1:27.337,1:26.848,1:27.007
1061,20,117,5,10,1:27.493,1:27.103,1:27.179
1062,1,131,44,1,1:16.424,1:16.553,1:15.419
1062,822,131,77,2,1:16.569,1:16.702,1:15.734
1062,830,9,33,3,1:16.214,1:15.650,1:15.840
1062,815,9,11,4,1:17.233,1:16.443,1:16.421
1062,842,213,10,5,1:16.874,1:16.394,1:16.483
1062,846,1,4,6,1:17.081,1:16.385,1:16.489
1062,844,6,16,7,1:17.084,1:16.574,1:16.496
1062,839,214,31,8,1:17.367,1:16.766,1:16.653
1062,4,214,14,9,1:17.123,1:16.541,1:16.715
1062,20,117,5,10,1:17.105,1:16.794,1:16.750
1063,830,9,33,1,1:58.717,1:56.559,1:59.765
1063,847,3,63,2,1:59.864,1:56.950,2:00.086
1063,1,131,44,3,1:59.218,1:56.229,2:00.099
1063,817,1,3,4,2:01.583,1:57.127,2:00.864
1063,20,117,5,5,2:00.175,1:56.814,2:00.935
1063,842,213,10,6,2:00.387,1:56.440,2:01.164
1063,815,9,11,7,1:59.334,1:56.886,2:02.112
1063,822,131,77,8,1:59.870,1:56.295,2:02.502
1063,839,214,31,9,2:01.824,1:57.354,2:03.513
1064,830,9,33,1,1:10.036,1:09.071,1:08.885
1064,1,131,44,2,1:10.114,1:09.726,1:08.923
1064,822,131,77,3,1:10.219,1:09.769,1:09.222
1064,842,213,10,4,1:10.274,1:09.541,1:09.478
1064,844,6,16,5,1:09.829,1:09.437,1:09.527
1064,832,6,55,6,1:10.022,1:09.870,1:09.537
1064,841,51,99,7,1:10.050,1:10.033,1:09.590
1064,839,214,31,8,1:10.179,1:09.919,1:09.933
1064,4,214,14,9,1:10.435,1:10.020,1:09.956
1064,817,1,3,10,1:10.255,1:09.865,1:10.166
1065,822,131,77,1,1:20.685,1:20.032,1:19.555
1065,1,131,44,2,1:20.543,1:19.936,1:19.651
1065,830,9,33,3,1:21.035,1:20.229,1:19.966
1065,846,1,4,4,1:20.916,1:20.059,1:19.989
1065,817,1,3,5,1:21.292,1:20.435,1:19.995
1065,842,213,10,6,1:21.440,1:20.556,1:20.260
1065,832,6,55,7,1:21.118,1:20.750,1:20.462
1065,844,6,16,8,1:21.219,1:20.767,1:20.510
1065,815,9,11,9,1:21.308,1:20.882,1:20.611
1065,841,51,99,10,1:21.197,1:20.726,1:20.808
1066,846,1,4,1,1:47.238,1:45.827,1:41.993
1066,832,6,55,2,1:47.924,1:46.521,1:42.510
1066,847,3,63,3,1:48.303,1:46.435,1:42.983
1066,1,131,44,4,1:45.992,1:45.129,1:44.050
1066,817,1,3,5,1:48.345,1:46.361,1:44.156
1066,4,214,14,6,1:47.877,1:45.514,1:44.204
1066,822,131,77,7,1:46.396,1:45.306,1:44.710
1066,840,117,18,8,1:48.322,1:46.360,1:44.956
1066,815,9,11,9,1:46.455,1:45.834,1:45.337
1066,839,214,31,10,1:48.099,1:46.070,1:45.865
1067,1,131,44,1,1:24.585,1:23.082,1:22.868
1067,822,131,77,2,1:25.047,1:23.579,1:22.998
1067,830,9,33,3,1:24.592,1:23.732,1:23.196
1067,844,6,16,4,1:24.869,1:24.015,1:23.265
1067,842,213,10,5,1:24.704,1:23.817,1:23.326
1067,4,214,14,6,1:25.174,1:23.914,1:23.477
1067,815,9,11,7,1:24.963,1:23.961,1:23.706
1067,846,1,4,8,1:25.138,1:24.642,1:23.954
1067,840,117,18,9,1:25.511,1:24.601,1:24.305
1067,852,213,22,10,1:25.409,1:24.054,1:24.368
1069,830,9,33,1,1:34.352,1:33.464,1:32.910
1069,1,131,44,2,1:34.579,1:33.797,1:33.119
1069,815,9,11,3,1:34.369,1:34.178,1:33.134
1069,822,131,77,4,1:34.590,1:33.959,1:33.475
1069,844,6,16,5,1:34.153,1:33.928,1:33.606
1069,832,6,55,6,1:34.558,1:34.126,1:33.792
1069,817,1,3,7,1:34.407,1:34.643,1:33.808
1069,846,1,4,8,1:34.551,1:33.880,1:33.887
1069,842,213,10,9,1:34.567,1:34.583,1:34.118
1069,852,213,22,10,1:35.360,1:35.137,1:34.918
1070,822,131,77,1,1:16.727,1:16.864,1:15.875
1070,1,131,44,2,1:17.207,1:16.474,1:16.020
1070,830,9,33,3,1:16.788,1:16.483,1:16.225
1070,815,9,11,4,1:17.003,1:17.055,1:16.342
1070,842,213,10,5,1:16.908,1:16.955,1:16.456
1070,832,6,55,6,1:17.517,1:17.248,1:16.761
1070,817,1,3,7,1:17.719,1:17.092,1:16.763
1070,844,6,16,8,1:16.748,1:17.034,1:16.837
1070,852,213,22,9,1:17.330,1:16.701,1:17.158
1070,846,1,4,10,1:17.569,1:17.473,1:36.830
1071,1,131,44,1,1:08.733,1:08.068,1:07.934
1071,830,9,33,2,1:09.329,1:08.499,1:08.372
1071,822,131,77,3,1:09.040,1:08.426,1:08.469
1071,815,9,11,4,1:09.172,1:08.973,1:08.483
1071,842,213,10,5,1:09.347,1:08.903,1:08.777
1071,832,6,55,6,1:09.046,1:09.031,1:08.826
1071,844,6,16,7,1:09.155,1:08.859,1:08.960
1071,846,1,4,8,1:09.365,1:09.030,1:08.980
1071,817,1,3,9,1:09.374,1:09.093,1:09.039
1071,4,214,14,10,1:09.391,1:09.137,1:09.113
1051,1,131,44,1,1:21.901,1:21.682,1:20.827
1051,830,9,33,2,1:21.996,1:21.984,1:21.282
1051,822,131,77,3,1:22.016,1:21.991,1:21.478
1051,842,213,10,4,1:22.535,1:21.728,1:21.640
1051,4,214,14,5,1:22.422,1:21.894,1:21.670
1051,846,1,4,6,1:22.839,1:22.216,1:21.731
1051,832,6,55,7,1:22.304,1:22.241,1:21.840
1051,852,213,22,8,1:22.458,1:22.058,1:21.881
1051,839,214,31,9,1:22.565,1:22.012,1:22.028
1051,20,117,5,10,1:22.549,1:22.146,1:22.785
1072,1,131,44,1,1:28.466,1:27.712,1:27.511
1072,822,131,77,2,1:28.057,1:28.054,1:27.622
1072,830,9,33,3,1:28.285,1:27.953,1:27.653
1072,844,6,16,4,1:28.310,1:28.459,1:28.054
1072,815,9,11,5,1:28.021,1:27.946,1:28.123
1072,842,213,10,6,1:28.401,1:28.314,1:28.125
1072,846,1,4,7,1:28.338,1:28.344,1:28.180
1072,852,213,22,8,1:28.503,1:28.222,1:28.442
1072,839,214,31,9,1:28.752,1:28.574,1:28.647
1072,841,51,99,10,1:28.899,1:28.616,1:28.754
1073,830,9,33,1,1:23.322,1:22.800,1:22.109
1073,1,131,44,2,1:22.845,1:23.145,1:22.480
1073,846,1,4,3,1:23.553,1:23.256,1:22.931
1073,815,9,11,4,1:23.350,1:23.135,1:22.947
1073,832,6,55,5,1:23.624,1:23.174,1:22.992
1073,822,131,77,6,1:23.117,1:23.246,1:23.036
1073,844,6,16,7,1:23.467,1:23.202,1:23.122
1073,852,213,22,8,1:23.428,1:23.404,1:23.220
1073,839,214,31,9,1:23.764,1:23.420,1:23.389
1073,817,1,3,10,1:23.829,1:23.448,1:23.409
1074,844,6,16,1,1:31.471,1:30.932,1:30.558
1074,830,9,1,2,1:31.785,1:30.757,1:30.681
1074,832,6,55,3,1:31.567,1:30.787,1:30.687
1074,815,9,11,4,1:32.311,1:31.008,1:30.921
1074,1,131,44,5,1:32.285,1:31.048,1:31.238
1074,822,51,77,6,1:31.919,1:31.717,1:31.560
1074,825,210,20,7,1:31.955,1:31.461,1:31.808
1074,4,214,14,8,1:32.346,1:31.621,1:32.195
1074,847,131,63,9,1:32.269,1:31.252,1:32.216
1074,842,213,10,10,1:32.096,1:31.635,1:32.338
1075,825,210,20,10,1:29.831,1:29.546,1:29.588
1075,842,213,10,9,1:29.891,1:29.418,1:29.254
1075,822,51,77,8,1:29.683,1:29.404,1:29.183
1075,4,214,14,7,1:29.978,1:29.295,1:29.147
1075,847,131,63,6,1:29.680,1:29.618,1:29.104
1075,839,214,31,5,1:30.093,1:29.584,1:29.068
1075,830,9,1,4,1:28.928,1:28.945,1:28.461
1075,832,6,55,3,1:28.855,1:28.686,1:28.402
1075,844,6,16,2,1:29.039,1:28.780,1:28.225
1075,815,9,11,1,1:29.705,1:28.924,1:28.200
1076,844,6,16,1,1:18.881,1:18.606,1:17.868
1076,830,9,1,2,1:18.580,1:18.611,1:18.154
1076,815,9,11,3,1:18.834,1:18.340,1:18.240
1076,846,1,4,4,1:19.280,1:19.066,1:18.703
1076,1,131,44,5,1:19.401,1:19.106,1:18.825
1076,847,131,63,6,1:19.405,1:19.076,1:18.933
1076,817,1,3,7,1:19.665,1:19.130,1:19.032
1076,839,214,31,8,1:19.605,1:19.136,1:19.061
1076,832,6,55,9,1:18.983,1:18.469,1:19.408
1077,830,9,1,1,1:19.295,1:18.793,1:27.999
1077,844,6,16,2,1:18.796,1:19.584,1:28.778
1077,846,1,4,3,1:20.168,1:19.294,1:29.131
1077,825,210,20,4,1:20.147,1:19.902,1:29.164
1077,4,214,14,5,1:20.198,1:19.595,1:29.202
1077,817,1,3,6,1:19.980,1:20.031,1:29.742
1077,815,9,11,7,1:19.773,1:19.296,1:29.808
1077,822,51,77,8,1:20.419,1:20.192,1:30.439
1077,20,117,5,9,1:20.364,1:19.957,1:31.062
1078,844,6,16,1,1:29.474,1:29.130,1:28.796
1078,832,6,55,2,1:30.079,1:29.729,1:28.986
1078,830,9,1,3,1:29.836,1:29.202,1:28.991
1078,815,9,11,4,1:30.055,1:29.673,1:29.036
1078,822,51,77,5,1:30.845,1:29.751,1:29.475
1078,1,131,44,6,1:30.388,1:29.797,1:29.625
1078,842,213,10,7,1:30.779,1:30.128,1:29.690
1078,846,1,4,8,1:30.761,1:29.634,1:29.750
1078,852,213,22,9,1:30.485,1:30.031,1:29.932
1078,840,117,18,10,1:30.441,1:29.996,1:30.676
1079,844,6,16,1,1:19.861,1:19.969,1:18.750
1079,830,9,1,2,1:20.091,1:19.219,1:19.073
1079,832,6,55,3,1:19.892,1:19.453,1:19.166
1079,847,131,63,4,1:20.218,1:19.470,1:19.393
1079,815,9,11,5,1:20.447,1:19.830,1:19.420
1079,1,131,44,6,1:20.252,1:19.794,1:19.512
1079,822,51,77,7,1:20.355,1:20.053,1:19.608
1079,825,210,20,8,1:20.227,1:19.810,1:19.682
1079,817,1,3,9,1:20.549,1:20.287,1:20.297
1079,854,210,47,10,1:20.683,1:20.436,1:20.638
1080,844,6,16,1,1:12.569,1:11.864,1:11.376
1080,832,6,55,2,1:12.616,1:12.074,1:11.601
1080,815,9,11,3,1:13.004,1:11.954,1:11.629
1080,830,9,1,4,1:12.993,1:12.117,1:11.666
1080,846,1,4,5,1:12.927,1:12.266,1:11.849
1080,847,131,63,6,1:12.787,1:12.617,1:12.112
1080,4,214,14,7,1:13.394,1:12.688,1:12.247
1080,1,131,44,8,1:13.444,1:12.595,1:12.560
1080,20,117,5,9,1:13.313,1:12.613,1:12.732
1080,839,214,31,10,1:12.848,1:12.528,1:13.047
1081,844,6,16,1,1:42.865,1:42.046,1:41.359
1081,815,9,11,2,1:42.733,1:41.955,1:41.641
1081,830,9,1,3,1:42.722,1:42.227,1:41.706
1081,832,6,55,4,1:42.957,1:42.088,1:41.814
1081,847,131,63,5,1:43.754,1:43.281,1:42.712
1081,842,213,10,6,1:43.268,1:43.129,1:42.845
1081,1,131,44,7,1:43.939,1:43.182,1:42.924
1081,852,213,22,8,1:43.595,1:43.376,1:43.056
1081,20,117,5,9,1:43.279,1:43.268,1:43.091
1081,4,214,14,10,1:44.083,1:43.360,1:43.173
1082,830,9,1,1,1:32.219,1:23.746,1:21.299
1082,4,214,14,2,1:32.277,1:24.848,1:21.944
1082,832,6,55,3,1:32.781,1:25.197,1:22.096
1082,1,131,44,4,1:33.841,1:25.543,1:22.891
1082,825,210,20,5,1:32.957,1:26.254,1:22.960
1082,854,210,47,6,1:33.707,1:25.684,1:23.356
1082,839,214,31,7,1:33.012,1:26.135,1:23.529
1082,847,131,63,8,1:33.160,1:24.950,1:23.557
1082,817,1,3,9,1:33.636,1:26.375,1:23.749
1082,855,51,24,10,1:33.692,1:26.116,1:24.030
1083,832,6,55,1,1:40.190,1:41.602,1:40.983
1083,830,9,1,2,1:39.129,1:40.655,1:41.055
1083,844,6,16,3,1:39.846,1:41.247,1:41.298
1083,815,9,11,4,1:40.521,1:42.513,1:41.616
1083,1,131,44,5,1:40.428,1:41.062,1:41.995
1083,846,1,4,6,1:41.515,1:41.821,1:42.084
1083,4,214,14,7,1:41.598,1:42.209,1:42.116
1083,847,131,63,8,1:40.028,1:41.725,1:42.161
1083,855,51,24,9,1:40.791,1:42.640,1:42.719
1083,849,3,6,10,1:41.998,1:43.273,2:03.095
1084,830,9,1,1,1:05.852,1:05.374,1:04.984
1084,844,6,16,2,1:05.419,1:05.287,1:05.013
1084,832,6,55,3,1:05.660,1:05.576,1:05.066
1084,847,131,63,4,1:06.235,1:05.697,1:05.431
1084,839,214,31,5,1:06.468,1:05.993,1:05.726
1084,825,210,20,6,1:06.366,1:05.894,1:05.879
1084,854,210,47,7,1:06.405,1:06.151,1:06.011
1084,4,214,14,8,1:06.016,1:06.082,1:06.103
1084,1,131,44,9,1:06.079,1:05.475,1:13.151
1085,844,6,16,1,1:31.727,1:31.216,1:30.872
1085,830,9,1,2,1:31.891,1:31.990,1:31.176
1085,815,9,11,3,1:32.354,1:32.120,1:31.335
1085,1,131,44,4,1:33.041,1:32.274,1:31.765
1085,846,1,4,5,1:32.672,1:32.777,1:32.032
1085,847,131,63,6,1:33.109,1:32.633,1:32.131
1085,4,214,14,7,1:32.819,1:32.631,1:32.552
1085,852,213,22,8,1:33.394,1:32.836,1:32.780
1086,847,131,63,1,1:18.407,1:18.154,1:17.377
1086,832,6,55,2,1:18.434,1:17.946,1:17.421
1086,844,6,16,3,1:18.806,1:17.768,1:17.567
1086,846,1,4,4,1:18.653,1:18.121,1:17.769
1086,839,214,31,5,1:18.866,1:18.216,1:18.018
1086,4,214,14,6,1:18.716,1:17.904,1:18.078
1086,1,131,44,7,1:18.374,1:18.035,1:18.142
1086,822,51,77,8,1:18.935,1:18.445,1:18.157
1086,817,1,3,9,1:18.775,1:18.198,1:18.379
1086,830,9,1,10,1:18.509,1:17.703,1:18.823
